Record Length,2.500000e+03,,  -0.000005000000, 187.20000,
Sample Interval,2.000000e-08,,  -0.000004980000, 187.20000,
Trigger Point,2.500000000000e+02,,  -0.000004960000, 187.20000,
,,,  -0.000004940000, 187.20000,
,,,  -0.000004920000, 187.20000,
,,,  -0.000004900000, 187.20000,
Source,CH2,,  -0.000004880000, 187.20000,
Vertical Units,V,,  -0.000004860000, 187.20000,
Vertical Scale,2.000000e+01,,  -0.000004840000, 186.40000,
Vertical Offset,-8.560000e+01,,  -0.000004820000, 186.40000,
Horizontal Units,s,,  -0.000004800000, 186.40000,
Horizontal Scale,5.000000e-06,,  -0.000004780000, 186.40000,
Pt Fmt,Y,,  -0.000004760000, 186.40000,
Yzero,0.000000e+00,,  -0.000004740000, 186.40000,
Probe Atten,1.000000e+01,,  -0.000004720000, 186.40000,
Model Number,TBS1052B,,  -0.000004700000, 187.20000,
Serial Number,C031782,,  -0.000004680000, 187.20000,
Firmware Version,FV:v4.06,,  -0.000004660000, 187.20000,
,,,-00.000004640000, 187.20000,
,,,-00.000004620000, 187.20000,
,,,-00.000004600000, 187.20000,
,,,-00.000004580000, 186.40000,
,,,-00.000004560000, 186.40000,
,,,-00.000004540000, 186.40000,
,,,-00.000004520000, 186.40000,
,,,-00.000004500000, 186.40000,
,,,-00.000004480000, 186.40000,
,,,-00.000004460000, 186.40000,
,,,-00.000004440000, 185.60000,
,,,-00.000004420000, 185.60000,
,,,-00.000004400000, 185.60000,
,,,-00.000004380000, 185.60000,
,,,-00.000004360000, 185.60000,
,,,-00.000004340000, 185.60000,
,,,-00.000004320000, 185.60000,
,,,-00.000004300000, 185.60000,
,,,-00.000004280000, 185.60000,
,,,-00.000004260000, 185.60000,
,,,-00.000004240000, 185.60000,
,,,-00.000004220000, 185.60000,
,,,-00.000004200000, 185.60000,
,,,-00.000004180000, 185.60000,
,,,-00.000004160000, 185.60000,
,,,-00.000004140000, 185.60000,
,,,-00.000004120000, 185.60000,
,,,-00.000004100000, 185.60000,
,,,-00.000004080000, 185.60000,
,,,-00.000004060000, 185.60000,
,,,-00.000004040000, 185.60000,
,,,-00.000004020000, 185.60000,
,,,-00.000004000000, 185.60000,
,,,-00.000003980000, 185.60000,
,,,-00.000003960000, 185.60000,
,,,-00.000003940000, 185.60000,
,,,-00.000003920000, 185.60000,
,,,-00.000003900000, 185.60000,
,,,-00.000003880000, 185.60000,
,,,-00.000003860000, 185.60000,
,,,-00.000003840000, 185.60000,
,,,-00.000003820000, 185.60000,
,,,-00.000003800000, 185.60000,
,,,-00.000003780000, 185.60000,
,,,-00.000003760000, 185.60000,
,,,-00.000003740000, 185.60000,
,,,-00.000003720000, 185.60000,
,,,-00.000003700000, 185.60000,
,,,-00.000003680000, 185.60000,
,,,-00.000003660000, 185.60000,
,,,-00.000003640000, 185.60000,
,,,-00.000003620000, 185.60000,
,,,-00.000003600000, 185.60000,
,,,-00.000003580000, 185.60000,
,,,-00.000003560000, 185.60000,
,,,-00.000003540000, 185.60000,
,,,-00.000003520000, 185.60000,
,,,-00.000003500000, 185.60000,
,,,-00.000003480000, 185.60000,
,,,-00.000003460000, 185.60000,
,,,-00.000003440000, 185.60000,
,,,-00.000003420000, 185.60000,
,,,-00.000003400000, 185.60000,
,,,-00.000003380000, 185.60000,
,,,-00.000003360000, 185.60000,
,,,-00.000003340000, 185.60000,
,,,-00.000003320000, 185.60000,
,,,-00.000003300000, 185.60000,
,,,-00.000003280000, 185.60000,
,,,-00.000003260000, 185.60000,
,,,-00.000003240000, 185.60000,
,,,-00.000003220000, 185.60000,
,,,-00.000003200000, 185.60000,
,,,-00.000003180000, 185.60000,
,,,-00.000003160000, 185.60000,
,,,-00.000003140000, 185.60000,
,,,-00.000003120000, 185.60000,
,,,-00.000003100000, 185.60000,
,,,-00.000003080000, 185.60000,
,,,-00.000003060000, 185.60000,
,,,-00.000003040000, 185.60000,
,,,-00.000003020000, 185.60000,
,,,-00.000003000000, 185.60000,
,,,-00.000002980000, 185.60000,
,,,-00.000002960000, 185.60000,
,,,-00.000002940000, 185.60000,
,,,-00.000002920000, 185.60000,
,,,-00.000002900000, 185.60000,
,,,-00.000002880000, 185.60000,
,,,-00.000002860000, 185.60000,
,,,-00.000002840000, 185.60000,
,,,-00.000002820000, 185.60000,
,,,-00.000002800000, 185.60000,
,,,-00.000002780000, 185.60000,
,,,-00.000002760000, 185.60000,
,,,-00.000002740000, 185.60000,
,,,-00.000002720000, 185.60000,
,,,-00.000002700000, 185.60000,
,,,-00.000002680000, 185.60000,
,,,-00.000002660000, 185.60000,
,,,-00.000002640000, 185.60000,
,,,-00.000002620000, 185.60000,
,,,-00.000002600000, 185.60000,
,,,-00.000002580000, 185.60000,
,,,-00.000002560000, 185.60000,
,,,-00.000002540000, 185.60000,
,,,-00.000002520000, 185.60000,
,,,-00.000002500000, 185.60000,
,,,-00.000002480000, 185.60000,
,,,-00.000002460000, 185.60000,
,,,-00.000002440000, 185.60000,
,,,-00.000002420000, 185.60000,
,,,-00.000002400000, 185.60000,
,,,-00.000002380000, 185.60000,
,,,-00.000002360000, 185.60000,
,,,-00.000002340000, 185.60000,
,,,-00.000002320000, 185.60000,
,,,-00.000002300000, 185.60000,
,,,-00.000002280000, 185.60000,
,,,-00.000002260000, 185.60000,
,,,-00.000002240000, 185.60000,
,,,-00.000002220000, 185.60000,
,,,-00.000002200000, 185.60000,
,,,-00.000002180000, 185.60000,
,,,-00.000002160000, 185.60000,
,,,-00.000002140000, 185.60000,
,,,-00.000002120000, 185.60000,
,,,-00.000002100000, 185.60000,
,,,-00.000002080000, 185.60000,
,,,-00.000002060000, 185.60000,
,,,-00.000002040000, 185.60000,
,,,-00.000002020000, 185.60000,
,,,-00.000002000000, 185.60000,
,,,-00.000001980000, 185.60000,
,,,-00.000001960000, 185.60000,
,,,-00.000001940000, 185.60000,
,,,-00.000001920000, 185.60000,
,,,-00.000001900000, 185.60000,
,,,-00.000001880000, 185.60000,
,,,-00.000001860000, 185.60000,
,,,-00.000001840000, 185.60000,
,,,-00.000001820000, 185.60000,
,,,-00.000001800000, 185.60000,
,,,-00.000001780000, 185.60000,
,,,-00.000001760000, 185.60000,
,,,-00.000001740000, 185.60000,
,,,-00.000001720000, 185.60000,
,,,-00.000001700000, 185.60000,
,,,-00.000001680000, 185.60000,
,,,-00.000001660000, 185.60000,
,,,-00.000001640000, 185.60000,
,,,-00.000001620000, 185.60000,
,,,-00.000001600000, 185.60000,
,,,-00.000001580000, 185.60000,
,,,-00.000001560000, 185.60000,
,,,-00.000001540000, 185.60000,
,,,-00.000001520000, 185.60000,
,,,-00.000001500000, 185.60000,
,,,-00.000001480000, 185.60000,
,,,-00.000001460000, 185.60000,
,,,-00.000001440000, 185.60000,
,,,-00.000001420000, 185.60000,
,,,-00.000001400000, 185.60000,
,,,-00.000001380000, 185.60000,
,,,-00.000001360000, 185.60000,
,,,-00.000001340000, 185.60000,
,,,-00.000001320000, 185.60000,
,,,-00.000001300000, 185.60000,
,,,-00.000001280000, 185.60000,
,,,-00.000001260000, 185.60000,
,,,-00.000001240000, 185.60000,
,,,-00.000001220000, 185.60000,
,,,-00.000001200000, 185.60000,
,,,-00.000001180000, 185.60000,
,,,-00.000001160000, 185.60000,
,,,-00.000001140000, 185.60000,
,,,-00.000001120000, 185.60000,
,,,-00.000001100000, 185.60000,
,,,-00.000001080000, 185.60000,
,,,-00.000001060000, 185.60000,
,,,-00.000001040000, 185.60000,
,,,-00.000001020000, 185.60000,
,,,-00.000001000000, 185.60000,
,,,-00.000000980000, 185.60000,
,,,-00.000000960000, 185.60000,
,,,-00.000000940000, 185.60000,
,,,-00.000000920000, 185.60000,
,,,-00.000000900000, 185.60000,
,,,-00.000000880000, 185.60000,
,,,-00.000000860000, 185.60000,
,,,-00.000000840000, 185.60000,
,,,-00.000000820000, 185.60000,
,,,-00.000000800000, 185.60000,
,,,-00.000000780000, 185.60000,
,,,-00.000000760000, 185.60000,
,,,-00.000000740000, 185.60000,
,,,-00.000000720000, 185.60000,
,,,-00.000000700000, 185.60000,
,,,-00.000000680000, 185.60000,
,,,-00.000000660000, 185.60000,
,,,-00.000000640000, 185.60000,
,,,-00.000000620000, 185.60000,
,,,-00.000000600000, 185.60000,
,,,-00.000000580000, 185.60000,
,,,-00.000000560000, 185.60000,
,,,-00.000000540000, 185.60000,
,,,-00.000000520000, 185.60000,
,,,-00.000000500000, 185.60000,
,,,-00.000000480000, 185.60000,
,,,-00.000000460000, 185.60000,
,,,-00.000000440000, 185.60000,
,,,-00.000000420000, 185.60000,
,,,-00.000000400000, 185.60000,
,,,-00.000000380000, 185.60000,
,,,-00.000000360000, 185.60000,
,,,-00.000000340000, 185.60000,
,,,-00.000000320000, 185.60000,
,,,-00.000000300000, 185.60000,
,,,-00.000000280000, 185.60000,
,,,-00.000000260000, 185.60000,
,,,-00.000000240000, 185.60000,
,,,-00.000000220000, 185.60000,
,,,-00.000000200000, 185.60000,
,,,-00.000000180000, 185.60000,
,,,-00.000000160000, 185.60000,
,,,-00.000000140000, 185.60000,
,,,-00.000000120000, 185.60000,
,,,-00.000000100000, 185.60000,
,,,-00.000000080000, 185.60000,
,,,-00.000000060000, 185.60000,
,,,-00.000000040000, 185.60000,
,,,-00.000000020000, 185.60000,
,,,-00.000000000000, 185.60000,
,,,00.000000020000, 185.60000,
,,,00.000000040000, 185.60000,
,,,00.000000060000, 185.60000,
,,,00.000000080000, 185.60000,
,,,00.000000100000, 185.60000,
,,,00.000000120000, 185.60000,
,,,00.000000140000, 185.60000,
,,,00.000000160000, 185.60000,
,,,00.000000180000, 185.60000,
,,,00.000000200000, 185.60000,
,,,00.000000220000, 185.60000,
,,,00.000000240000, 185.60000,
,,,00.000000260000, 185.60000,
,,,00.000000280000, 185.60000,
,,,00.000000300000, 185.60000,
,,,00.000000320000, 185.60000,
,,,00.000000340000, 185.60000,
,,,00.000000360000, 185.60000,
,,,00.000000380000, 185.60000,
,,,00.000000400000, 185.60000,
,,,00.000000420000, 185.60000,
,,,00.000000440000, 185.60000,
,,,00.000000460000, 185.60000,
,,,00.000000480000, 185.60000,
,,,00.000000500000, 185.60000,
,,,00.000000520000, 185.60000,
,,,00.000000540000, 185.60000,
,,,00.000000560000, 185.60000,
,,,00.000000580000, 185.60000,
,,,00.000000600000, 185.60000,
,,,00.000000620000, 185.60000,
,,,00.000000640000, 185.60000,
,,,00.000000660000, 185.60000,
,,,00.000000680000, 185.60000,
,,,00.000000700000, 185.60000,
,,,00.000000720000, 185.60000,
,,,00.000000740000, 185.60000,
,,,00.000000760000, 185.60000,
,,,00.000000780000, 185.60000,
,,,00.000000800000, 185.60000,
,,,00.000000820000, 185.60000,
,,,00.000000840000, 185.60000,
,,,00.000000860000, 185.60000,
,,,00.000000880000, 185.60000,
,,,00.000000900000, 185.60000,
,,,00.000000920000, 185.60000,
,,,00.000000940000, 185.60000,
,,,00.000000960000, 185.60000,
,,,00.000000980000, 185.60000,
,,,00.000001000000, 185.60000,
,,,00.000001020000, 185.60000,
,,,00.000001040000, 185.60000,
,,,00.000001060000, 185.60000,
,,,00.000001080000, 185.60000,
,,,00.000001100000, 185.60000,
,,,00.000001120000, 185.60000,
,,,00.000001140000, 185.60000,
,,,00.000001160000, 185.60000,
,,,00.000001180000, 185.60000,
,,,00.000001200000, 185.60000,
,,,00.000001220000, 185.60000,
,,,00.000001240000, 185.60000,
,,,00.000001260000, 185.60000,
,,,00.000001280000, 185.60000,
,,,00.000001300000, 185.60000,
,,,00.000001320000, 185.60000,
,,,00.000001340000, 185.60000,
,,,00.000001360000, 185.60000,
,,,00.000001380000, 185.60000,
,,,00.000001400000, 185.60000,
,,,00.000001420000, 185.60000,
,,,00.000001440000, 185.60000,
,,,00.000001460000, 185.60000,
,,,00.000001480000, 185.60000,
,,,00.000001500000, 185.60000,
,,,00.000001520000, 185.60000,
,,,00.000001540000, 185.60000,
,,,00.000001560000, 185.60000,
,,,00.000001580000, 185.60000,
,,,00.000001600000, 185.60000,
,,,00.000001620000, 185.60000,
,,,00.000001640000, 185.60000,
,,,00.000001660000, 185.60000,
,,,00.000001680000, 185.60000,
,,,00.000001700000, 185.60000,
,,,00.000001720000, 185.60000,
,,,00.000001740000, 185.60000,
,,,00.000001760000, 185.60000,
,,,00.000001780000, 185.60000,
,,,00.000001800000, 185.60000,
,,,00.000001820000, 185.60000,
,,,00.000001840000, 185.60000,
,,,00.000001860000, 185.60000,
,,,00.000001880000, 185.60000,
,,,00.000001900000, 185.60000,
,,,00.000001920000, 185.60000,
,,,00.000001940000, 185.60000,
,,,00.000001960000, 185.60000,
,,,00.000001980000, 185.60000,
,,,00.000002000000, 185.60000,
,,,00.000002020000, 185.60000,
,,,00.000002040000, 185.60000,
,,,00.000002060000, 185.60000,
,,,00.000002080000, 185.60000,
,,,00.000002100000, 185.60000,
,,,00.000002120000, 185.60000,
,,,00.000002140000, 185.60000,
,,,00.000002160000, 185.60000,
,,,00.000002180000, 185.60000,
,,,00.000002200000, 185.60000,
,,,00.000002220000, 185.60000,
,,,00.000002240000, 185.60000,
,,,00.000002260000, 185.60000,
,,,00.000002280000, 185.60000,
,,,00.000002300000, 185.60000,
,,,00.000002320000, 185.60000,
,,,00.000002340000, 185.60000,
,,,00.000002360000, 185.60000,
,,,00.000002380000, 185.60000,
,,,00.000002400000, 185.60000,
,,,00.000002420000, 185.60000,
,,,00.000002440000, 185.60000,
,,,00.000002460000, 185.60000,
,,,00.000002480000, 185.60000,
,,,00.000002500000, 185.60000,
,,,00.000002520000, 185.60000,
,,,00.000002540000, 185.60000,
,,,00.000002560000, 185.60000,
,,,00.000002580000, 185.60000,
,,,00.000002600000, 185.60000,
,,,00.000002620000, 185.60000,
,,,00.000002640000, 185.60000,
,,,00.000002660000, 185.60000,
,,,00.000002680000, 185.60000,
,,,00.000002700000, 185.60000,
,,,00.000002720000, 185.60000,
,,,00.000002740000, 185.60000,
,,,00.000002760000, 185.60000,
,,,00.000002780000, 185.60000,
,,,00.000002800000, 185.60000,
,,,00.000002820000, 185.60000,
,,,00.000002840000, 185.60000,
,,,00.000002860000, 185.60000,
,,,00.000002880000, 185.60000,
,,,00.000002900000, 185.60000,
,,,00.000002920000, 185.60000,
,,,00.000002940000, 185.60000,
,,,00.000002960000, 185.60000,
,,,00.000002980000, 185.60000,
,,,00.000003000000, 185.60000,
,,,00.000003020000, 185.60000,
,,,00.000003040000, 185.60000,
,,,00.000003060000, 185.60000,
,,,00.000003080000, 185.60000,
,,,00.000003100000, 185.60000,
,,,00.000003120000, 185.60000,
,,,00.000003140000, 185.60000,
,,,00.000003160000, 185.60000,
,,,00.000003180000, 185.60000,
,,,00.000003200000, 185.60000,
,,,00.000003220000, 185.60000,
,,,00.000003240000, 185.60000,
,,,00.000003260000, 185.60000,
,,,00.000003280000, 185.60000,
,,,00.000003300000, 185.60000,
,,,00.000003320000, 185.60000,
,,,00.000003340000, 185.60000,
,,,00.000003360000, 185.60000,
,,,00.000003380000, 185.60000,
,,,00.000003400000, 185.60000,
,,,00.000003420000, 185.60000,
,,,00.000003440000, 185.60000,
,,,00.000003460000, 185.60000,
,,,00.000003480000, 185.60000,
,,,00.000003500000, 185.60000,
,,,00.000003520000, 185.60000,
,,,00.000003540000, 185.60000,
,,,00.000003560000, 185.60000,
,,,00.000003580000, 185.60000,
,,,00.000003600000, 185.60000,
,,,00.000003620000, 185.60000,
,,,00.000003640000, 185.60000,
,,,00.000003660000, 185.60000,
,,,00.000003680000, 185.60000,
,,,00.000003700000, 185.60000,
,,,00.000003720000, 185.60000,
,,,00.000003740000, 185.60000,
,,,00.000003760000, 185.60000,
,,,00.000003780000, 185.60000,
,,,00.000003800000, 185.60000,
,,,00.000003820000, 185.60000,
,,,00.000003840000, 185.60000,
,,,00.000003860000, 185.60000,
,,,00.000003880000, 185.60000,
,,,00.000003900000, 185.60000,
,,,00.000003920000, 185.60000,
,,,00.000003940000, 185.60000,
,,,00.000003960000, 185.60000,
,,,00.000003980000, 185.60000,
,,,00.000004000000, 185.60000,
,,,00.000004020000, 185.60000,
,,,00.000004040000, 185.60000,
,,,00.000004060000, 185.60000,
,,,00.000004080000, 185.60000,
,,,00.000004100000, 185.60000,
,,,00.000004120000, 185.60000,
,,,00.000004140000, 185.60000,
,,,00.000004160000, 185.60000,
,,,00.000004180000, 185.60000,
,,,00.000004200000, 185.60000,
,,,00.000004220000, 185.60000,
,,,00.000004240000, 185.60000,
,,,00.000004260000, 185.60000,
,,,00.000004280000, 185.60000,
,,,00.000004300000, 185.60000,
,,,00.000004320000, 185.60000,
,,,00.000004340000, 185.60000,
,,,00.000004360000, 185.60000,
,,,00.000004380000, 185.60000,
,,,00.000004400000, 185.60000,
,,,00.000004420000, 185.60000,
,,,00.000004440000, 185.60000,
,,,00.000004460000, 185.60000,
,,,00.000004480000, 185.60000,
,,,00.000004500000, 185.60000,
,,,00.000004520000, 185.60000,
,,,00.000004540000, 185.60000,
,,,00.000004560000, 185.60000,
,,,00.000004580000, 185.60000,
,,,00.000004600000, 185.60000,
,,,00.000004620000, 185.60000,
,,,00.000004640000, 185.60000,
,,,00.000004660000, 185.60000,
,,,00.000004680000, 185.60000,
,,,00.000004700000, 185.60000,
,,,00.000004720000, 185.60000,
,,,00.000004740000, 185.60000,
,,,00.000004760000, 185.60000,
,,,00.000004780000, 185.60000,
,,,00.000004800000, 185.60000,
,,,00.000004820000, 185.60000,
,,,00.000004840000, 185.60000,
,,,00.000004860000, 185.60000,
,,,00.000004880000, 185.60000,
,,,00.000004900000, 185.60000,
,,,00.000004920000, 185.60000,
,,,00.000004940000, 185.60000,
,,,00.000004960000, 185.60000,
,,,00.000004980000, 185.60000,
,,,00.000005000000, 185.60000,
,,,00.000005020000, 185.60000,
,,,00.000005040000, 185.60000,
,,,00.000005060000, 185.60000,
,,,00.000005080000, 185.60000,
,,,00.000005100000, 185.60000,
,,,00.000005120000, 185.60000,
,,,00.000005140000, 185.60000,
,,,00.000005160000, 185.60000,
,,,00.000005180000, 185.60000,
,,,00.000005200000, 185.60000,
,,,00.000005220000, 185.60000,
,,,00.000005240000, 185.60000,
,,,00.000005260000, 185.60000,
,,,00.000005280000, 185.60000,
,,,00.000005300000, 185.60000,
,,,00.000005320000, 185.60000,
,,,00.000005340000, 185.60000,
,,,00.000005360000, 185.60000,
,,,00.000005380000, 185.60000,
,,,00.000005400000, 185.60000,
,,,00.000005420000, 185.60000,
,,,00.000005440000, 185.60000,
,,,00.000005460000, 185.60000,
,,,00.000005480000, 185.60000,
,,,00.000005500000, 185.60000,
,,,00.000005520000, 185.60000,
,,,00.000005540000, 185.60000,
,,,00.000005560000, 185.60000,
,,,00.000005580000, 185.60000,
,,,00.000005600000, 185.60000,
,,,00.000005620000, 185.60000,
,,,00.000005640000, 185.60000,
,,,00.000005660000, 185.60000,
,,,00.000005680000, 185.60000,
,,,00.000005700000, 185.60000,
,,,00.000005720000, 185.60000,
,,,00.000005740000, 185.60000,
,,,00.000005760000, 185.60000,
,,,00.000005780000, 185.60000,
,,,00.000005800000, 185.60000,
,,,00.000005820000, 185.60000,
,,,00.000005840000, 185.60000,
,,,00.000005860000, 185.60000,
,,,00.000005880000, 185.60000,
,,,00.000005900000, 185.60000,
,,,00.000005920000, 185.60000,
,,,00.000005940000, 185.60000,
,,,00.000005960000, 185.60000,
,,,00.000005980000, 185.60000,
,,,00.000006000000, 185.60000,
,,,00.000006020000, 185.60000,
,,,00.000006040000, 185.60000,
,,,00.000006060000, 185.60000,
,,,00.000006080000, 185.60000,
,,,00.000006100000, 185.60000,
,,,00.000006120000, 185.60000,
,,,00.000006140000, 185.60000,
,,,00.000006160000, 185.60000,
,,,00.000006180000, 185.60000,
,,,00.000006200000, 185.60000,
,,,00.000006220000, 185.60000,
,,,00.000006240000, 185.60000,
,,,00.000006260000, 185.60000,
,,,00.000006280000, 185.60000,
,,,00.000006300000, 185.60000,
,,,00.000006320000, 185.60000,
,,,00.000006340000, 185.60000,
,,,00.000006360000, 185.60000,
,,,00.000006380000, 185.60000,
,,,00.000006400000, 185.60000,
,,,00.000006420000, 185.60000,
,,,00.000006440000, 185.60000,
,,,00.000006460000, 185.60000,
,,,00.000006480000, 185.60000,
,,,00.000006500000, 185.60000,
,,,00.000006520000, 185.60000,
,,,00.000006540000, 185.60000,
,,,00.000006560000, 185.60000,
,,,00.000006580000, 185.60000,
,,,00.000006600000, 185.60000,
,,,00.000006620000, 185.60000,
,,,00.000006640000, 185.60000,
,,,00.000006660000, 185.60000,
,,,00.000006680000, 185.60000,
,,,00.000006700000, 185.60000,
,,,00.000006720000, 185.60000,
,,,00.000006740000, 185.60000,
,,,00.000006760000, 185.60000,
,,,00.000006780000, 185.60000,
,,,00.000006800000, 185.60000,
,,,00.000006820000, 185.60000,
,,,00.000006840000, 185.60000,
,,,00.000006860000, 185.60000,
,,,00.000006880000, 185.60000,
,,,00.000006900000, 185.60000,
,,,00.000006920000, 185.60000,
,,,00.000006940000, 185.60000,
,,,00.000006960000, 185.60000,
,,,00.000006980000, 185.60000,
,,,00.000007000000, 185.60000,
,,,00.000007020000, 185.60000,
,,,00.000007040000, 185.60000,
,,,00.000007060000, 185.60000,
,,,00.000007080000, 185.60000,
,,,00.000007100000, 185.60000,
,,,00.000007120000, 185.60000,
,,,00.000007140000, 185.60000,
,,,00.000007160000, 185.60000,
,,,00.000007180000, 185.60000,
,,,00.000007200000, 185.60000,
,,,00.000007220000, 185.60000,
,,,00.000007240000, 185.60000,
,,,00.000007260000, 185.60000,
,,,00.000007280000, 185.60000,
,,,00.000007300000, 185.60000,
,,,00.000007320000, 185.60000,
,,,00.000007340000, 185.60000,
,,,00.000007360000, 185.60000,
,,,00.000007380000, 185.60000,
,,,00.000007400000, 185.60000,
,,,00.000007420000, 185.60000,
,,,00.000007440000, 185.60000,
,,,00.000007460000, 185.60000,
,,,00.000007480000, 185.60000,
,,,00.000007500000, 185.60000,
,,,00.000007520000, 185.60000,
,,,00.000007540000, 185.60000,
,,,00.000007560000, 185.60000,
,,,00.000007580000, 185.60000,
,,,00.000007600000, 185.60000,
,,,00.000007620000, 185.60000,
,,,00.000007640000, 185.60000,
,,,00.000007660000, 185.60000,
,,,00.000007680000, 185.60000,
,,,00.000007700000, 185.60000,
,,,00.000007720000, 185.60000,
,,,00.000007740000, 185.60000,
,,,00.000007760000, 185.60000,
,,,00.000007780000, 185.60000,
,,,00.000007800000, 185.60000,
,,,00.000007820000, 185.60000,
,,,00.000007840000, 185.60000,
,,,00.000007860000, 185.60000,
,,,00.000007880000, 185.60000,
,,,00.000007900000, 185.60000,
,,,00.000007920000, 185.60000,
,,,00.000007940000, 185.60000,
,,,00.000007960000, 185.60000,
,,,00.000007980000, 185.60000,
,,,00.000008000000, 185.60000,
,,,00.000008020000, 185.60000,
,,,00.000008040000, 185.60000,
,,,00.000008060000, 185.60000,
,,,00.000008080000, 185.60000,
,,,00.000008100000, 185.60000,
,,,00.000008120000, 185.60000,
,,,00.000008140000, 185.60000,
,,,00.000008160000, 185.60000,
,,,00.000008180000, 185.60000,
,,,00.000008200000, 185.60000,
,,,00.000008220000, 185.60000,
,,,00.000008240000, 185.60000,
,,,00.000008260000, 185.60000,
,,,00.000008280000, 185.60000,
,,,00.000008300000, 185.60000,
,,,00.000008320000, 185.60000,
,,,00.000008340000, 185.60000,
,,,00.000008360000, 185.60000,
,,,00.000008380000, 185.60000,
,,,00.000008400000, 185.60000,
,,,00.000008420000, 185.60000,
,,,00.000008440000, 185.60000,
,,,00.000008460000, 185.60000,
,,,00.000008480000, 185.60000,
,,,00.000008500000, 185.60000,
,,,00.000008520000, 185.60000,
,,,00.000008540000, 185.60000,
,,,00.000008560000, 185.60000,
,,,00.000008580000, 185.60000,
,,,00.000008600000, 185.60000,
,,,00.000008620000, 185.60000,
,,,00.000008640000, 185.60000,
,,,00.000008660000, 185.60000,
,,,00.000008680000, 185.60000,
,,,00.000008700000, 185.60000,
,,,00.000008720000, 185.60000,
,,,00.000008740000, 185.60000,
,,,00.000008760000, 185.60000,
,,,00.000008780000, 185.60000,
,,,00.000008800000, 185.60000,
,,,00.000008820000, 185.60000,
,,,00.000008840000, 185.60000,
,,,00.000008860000, 185.60000,
,,,00.000008880000, 185.60000,
,,,00.000008900000, 185.60000,
,,,00.000008920000, 185.60000,
,,,00.000008940000, 185.60000,
,,,00.000008960000, 185.60000,
,,,00.000008980000, 185.60000,
,,,00.000009000000, 185.60000,
,,,00.000009020000, 185.60000,
,,,00.000009040000, 185.60000,
,,,00.000009060000, 185.60000,
,,,00.000009080000, 185.60000,
,,,00.000009100000, 185.60000,
,,,00.000009120000, 185.60000,
,,,00.000009140000, 185.60000,
,,,00.000009160000, 185.60000,
,,,00.000009180000, 185.60000,
,,,00.000009200000, 185.60000,
,,,00.000009220000, 185.60000,
,,,00.000009240000, 185.60000,
,,,00.000009260000, 185.60000,
,,,00.000009280000, 185.60000,
,,,00.000009300000, 185.60000,
,,,00.000009320000, 185.60000,
,,,00.000009340000, 185.60000,
,,,00.000009360000, 185.60000,
,,,00.000009380000, 185.60000,
,,,00.000009400000, 185.60000,
,,,00.000009420000, 185.60000,
,,,00.000009440000, 185.60000,
,,,00.000009460000, 185.60000,
,,,00.000009480000, 185.60000,
,,,00.000009500000, 185.60000,
,,,00.000009520000, 185.60000,
,,,00.000009540000, 185.60000,
,,,00.000009560000, 185.60000,
,,,00.000009580000, 185.60000,
,,,00.000009600000, 185.60000,
,,,00.000009620000, 185.60000,
,,,00.000009640000, 185.60000,
,,,00.000009660000, 185.60000,
,,,00.000009680000, 185.60000,
,,,00.000009700000, 185.60000,
,,,00.000009720000, 185.60000,
,,,00.000009740000, 185.60000,
,,,00.000009760000, 185.60000,
,,,00.000009780000, 185.60000,
,,,00.000009800000, 185.60000,
,,,00.000009820000, 185.60000,
,,,00.000009840000, 185.60000,
,,,00.000009860000, 185.60000,
,,,00.000009880000, 185.60000,
,,,00.000009900000, 185.60000,
,,,00.000009920000, 185.60000,
,,,00.000009940000, 185.60000,
,,,00.000009960000, 185.60000,
,,,00.000009980000, 185.60000,
,,,00.000010000000, 185.60000,
,,,00.000010020000, 185.60000,
,,,00.000010040000, 185.60000,
,,,00.000010060000, 185.60000,
,,,00.000010080000, 185.60000,
,,,00.000010100000, 185.60000,
,,,00.000010120000, 185.60000,
,,,00.000010140000, 185.60000,
,,,00.000010160000, 185.60000,
,,,00.000010180000, 185.60000,
,,,00.000010200000, 185.60000,
,,,00.000010220000, 185.60000,
,,,00.000010240000, 185.60000,
,,,00.000010260000, 185.60000,
,,,00.000010280000, 185.60000,
,,,00.000010300000, 185.60000,
,,,00.000010320000, 185.60000,
,,,00.000010340000, 185.60000,
,,,00.000010360000, 185.60000,
,,,00.000010380000, 185.60000,
,,,00.000010400000, 185.60000,
,,,00.000010420000, 185.60000,
,,,00.000010440000, 185.60000,
,,,00.000010460000, 185.60000,
,,,00.000010480000, 185.60000,
,,,00.000010500000, 185.60000,
,,,00.000010520000, 185.60000,
,,,00.000010540000, 185.60000,
,,,00.000010560000, 185.60000,
,,,00.000010580000, 185.60000,
,,,00.000010600000, 185.60000,
,,,00.000010620000, 185.60000,
,,,00.000010640000, 185.60000,
,,,00.000010660000, 185.60000,
,,,00.000010680000, 185.60000,
,,,00.000010700000, 185.60000,
,,,00.000010720000, 185.60000,
,,,00.000010740000, 185.60000,
,,,00.000010760000, 185.60000,
,,,00.000010780000, 185.60000,
,,,00.000010800000, 185.60000,
,,,00.000010820000, 185.60000,
,,,00.000010840000, 185.60000,
,,,00.000010860000, 185.60000,
,,,00.000010880000, 185.60000,
,,,00.000010900000, 185.60000,
,,,00.000010920000, 185.60000,
,,,00.000010940000, 185.60000,
,,,00.000010960000, 185.60000,
,,,00.000010980000, 185.60000,
,,,00.000011000000, 185.60000,
,,,00.000011020000, 185.60000,
,,,00.000011040000, 185.60000,
,,,00.000011060000, 185.60000,
,,,00.000011080000, 185.60000,
,,,00.000011100000, 185.60000,
,,,00.000011120000, 185.60000,
,,,00.000011140000, 185.60000,
,,,00.000011160000, 185.60000,
,,,00.000011180000, 185.60000,
,,,00.000011200000, 185.60000,
,,,00.000011220000, 185.60000,
,,,00.000011240000, 185.60000,
,,,00.000011260000, 185.60000,
,,,00.000011280000, 185.60000,
,,,00.000011300000, 185.60000,
,,,00.000011320000, 185.60000,
,,,00.000011340000, 185.60000,
,,,00.000011360000, 185.60000,
,,,00.000011380000, 185.60000,
,,,00.000011400000, 185.60000,
,,,00.000011420000, 185.60000,
,,,00.000011440000, 185.60000,
,,,00.000011460000, 185.60000,
,,,00.000011480000, 185.60000,
,,,00.000011500000, 185.60000,
,,,00.000011520000, 185.60000,
,,,00.000011540000, 185.60000,
,,,00.000011560000, 185.60000,
,,,00.000011580000, 185.60000,
,,,00.000011600000, 185.60000,
,,,00.000011620000, 185.60000,
,,,00.000011640000, 185.60000,
,,,00.000011660000, 185.60000,
,,,00.000011680000, 185.60000,
,,,00.000011700000, 185.60000,
,,,00.000011720000, 185.60000,
,,,00.000011740000, 185.60000,
,,,00.000011760000, 185.60000,
,,,00.000011780000, 185.60000,
,,,00.000011800000, 185.60000,
,,,00.000011820000, 185.60000,
,,,00.000011840000, 185.60000,
,,,00.000011860000, 185.60000,
,,,00.000011880000, 185.60000,
,,,00.000011900000, 185.60000,
,,,00.000011920000, 185.60000,
,,,00.000011940000, 185.60000,
,,,00.000011960000, 185.60000,
,,,00.000011980000, 185.60000,
,,,00.000012000000, 185.60000,
,,,00.000012020000, 185.60000,
,,,00.000012040000, 185.60000,
,,,00.000012060000, 185.60000,
,,,00.000012080000, 185.60000,
,,,00.000012100000, 185.60000,
,,,00.000012120000, 185.60000,
,,,00.000012140000, 185.60000,
,,,00.000012160000, 185.60000,
,,,00.000012180000, 185.60000,
,,,00.000012200000, 185.60000,
,,,00.000012220000, 185.60000,
,,,00.000012240000, 185.60000,
,,,00.000012260000, 185.60000,
,,,00.000012280000, 185.60000,
,,,00.000012300000, 185.60000,
,,,00.000012320000, 185.60000,
,,,00.000012340000, 185.60000,
,,,00.000012360000, 185.60000,
,,,00.000012380000, 185.60000,
,,,00.000012400000, 185.60000,
,,,00.000012420000, 185.60000,
,,,00.000012440000, 185.60000,
,,,00.000012460000, 185.60000,
,,,00.000012480000, 185.60000,
,,,00.000012500000, 185.60000,
,,,00.000012520000, 185.60000,
,,,00.000012540000, 185.60000,
,,,00.000012560000, 185.60000,
,,,00.000012580000, 185.60000,
,,,00.000012600000, 185.60000,
,,,00.000012620000, 185.60000,
,,,00.000012640000, 185.60000,
,,,00.000012660000, 185.60000,
,,,00.000012680000, 185.60000,
,,,00.000012700000, 185.60000,
,,,00.000012720000, 185.60000,
,,,00.000012740000, 185.60000,
,,,00.000012760000, 185.60000,
,,,00.000012780000, 185.60000,
,,,00.000012800000, 185.60000,
,,,00.000012820000, 185.60000,
,,,00.000012840000, 185.60000,
,,,00.000012860000, 185.60000,
,,,00.000012880000, 185.60000,
,,,00.000012900000, 185.60000,
,,,00.000012920000, 185.60000,
,,,00.000012940000, 185.60000,
,,,00.000012960000, 185.60000,
,,,00.000012980000, 185.60000,
,,,00.000013000000, 185.60000,
,,,00.000013020000, 185.60000,
,,,00.000013040000, 185.60000,
,,,00.000013060000, 185.60000,
,,,00.000013080000, 185.60000,
,,,00.000013100000, 185.60000,
,,,00.000013120000, 185.60000,
,,,00.000013140000, 185.60000,
,,,00.000013160000, 185.60000,
,,,00.000013180000, 185.60000,
,,,00.000013200000, 185.60000,
,,,00.000013220000, 185.60000,
,,,00.000013240000, 185.60000,
,,,00.000013260000, 185.60000,
,,,00.000013280000, 185.60000,
,,,00.000013300000, 185.60000,
,,,00.000013320000, 185.60000,
,,,00.000013340000, 185.60000,
,,,00.000013360000, 185.60000,
,,,00.000013380000, 185.60000,
,,,00.000013400000, 185.60000,
,,,00.000013420000, 185.60000,
,,,00.000013440000, 185.60000,
,,,00.000013460000, 185.60000,
,,,00.000013480000, 185.60000,
,,,00.000013500000, 185.60000,
,,,00.000013520000, 185.60000,
,,,00.000013540000, 185.60000,
,,,00.000013560000, 185.60000,
,,,00.000013580000, 185.60000,
,,,00.000013600000, 185.60000,
,,,00.000013620000, 185.60000,
,,,00.000013640000, 185.60000,
,,,00.000013660000, 185.60000,
,,,00.000013680000, 185.60000,
,,,00.000013700000, 185.60000,
,,,00.000013720000, 185.60000,
,,,00.000013740000, 185.60000,
,,,00.000013760000, 185.60000,
,,,00.000013780000, 185.60000,
,,,00.000013800000, 185.60000,
,,,00.000013820000, 185.60000,
,,,00.000013840000, 185.60000,
,,,00.000013860000, 185.60000,
,,,00.000013880000, 185.60000,
,,,00.000013900000, 185.60000,
,,,00.000013920000, 185.60000,
,,,00.000013940000, 185.60000,
,,,00.000013960000, 185.60000,
,,,00.000013980000, 185.60000,
,,,00.000014000000, 185.60000,
,,,00.000014020000, 185.60000,
,,,00.000014040000, 185.60000,
,,,00.000014060000, 185.60000,
,,,00.000014080000, 185.60000,
,,,00.000014100000, 185.60000,
,,,00.000014120000, 185.60000,
,,,00.000014140000, 185.60000,
,,,00.000014160000, 185.60000,
,,,00.000014180000, 185.60000,
,,,00.000014200000, 185.60000,
,,,00.000014220000, 185.60000,
,,,00.000014240000, 185.60000,
,,,00.000014260000, 185.60000,
,,,00.000014280000, 185.60000,
,,,00.000014300000, 185.60000,
,,,00.000014320000, 185.60000,
,,,00.000014340000, 185.60000,
,,,00.000014360000, 185.60000,
,,,00.000014380000, 185.60000,
,,,00.000014400000, 185.60000,
,,,00.000014420000, 185.60000,
,,,00.000014440000, 185.60000,
,,,00.000014460000, 185.60000,
,,,00.000014480000, 185.60000,
,,,00.000014500000, 185.60000,
,,,00.000014520000, 185.60000,
,,,00.000014540000, 185.60000,
,,,00.000014560000, 185.60000,
,,,00.000014580000, 185.60000,
,,,00.000014600000, 185.60000,
,,,00.000014620000, 185.60000,
,,,00.000014640000, 185.60000,
,,,00.000014660000, 185.60000,
,,,00.000014680000, 185.60000,
,,,00.000014700000, 185.60000,
,,,00.000014720000, 185.60000,
,,,00.000014740000, 185.60000,
,,,00.000014760000, 185.60000,
,,,00.000014780000, 185.60000,
,,,00.000014800000, 185.60000,
,,,00.000014820000, 185.60000,
,,,00.000014840000, 185.60000,
,,,00.000014860000, 185.60000,
,,,00.000014880000, 185.60000,
,,,00.000014900000, 185.60000,
,,,00.000014920000, 185.60000,
,,,00.000014940000, 185.60000,
,,,00.000014960000, 185.60000,
,,,00.000014980000, 185.60000,
,,,00.000015000000, 185.60000,
,,,00.000015020000, 185.60000,
,,,00.000015040000, 185.60000,
,,,00.000015060000, 185.60000,
,,,00.000015080000, 185.60000,
,,,00.000015100000, 185.60000,
,,,00.000015120000, 185.60000,
,,,00.000015140000, 185.60000,
,,,00.000015160000, 185.60000,
,,,00.000015180000, 185.60000,
,,,00.000015200000, 185.60000,
,,,00.000015220000, 185.60000,
,,,00.000015240000, 185.60000,
,,,00.000015260000, 185.60000,
,,,00.000015280000, 185.60000,
,,,00.000015300000, 185.60000,
,,,00.000015320000, 185.60000,
,,,00.000015340000, 185.60000,
,,,00.000015360000, 185.60000,
,,,00.000015380000, 185.60000,
,,,00.000015400000, 185.60000,
,,,00.000015420000, 185.60000,
,,,00.000015440000, 185.60000,
,,,00.000015460000, 185.60000,
,,,00.000015480000, 185.60000,
,,,00.000015500000, 185.60000,
,,,00.000015520000, 185.60000,
,,,00.000015540000, 185.60000,
,,,00.000015560000, 185.60000,
,,,00.000015580000, 185.60000,
,,,00.000015600000, 185.60000,
,,,00.000015620000, 185.60000,
,,,00.000015640000, 185.60000,
,,,00.000015660000, 185.60000,
,,,00.000015680000, 185.60000,
,,,00.000015700000, 185.60000,
,,,00.000015720000, 185.60000,
,,,00.000015740000, 185.60000,
,,,00.000015760000, 185.60000,
,,,00.000015780000, 185.60000,
,,,00.000015800000, 185.60000,
,,,00.000015820000, 185.60000,
,,,00.000015840000, 185.60000,
,,,00.000015860000, 185.60000,
,,,00.000015880000, 185.60000,
,,,00.000015900000, 185.60000,
,,,00.000015920000, 185.60000,
,,,00.000015940000, 185.60000,
,,,00.000015960000, 185.60000,
,,,00.000015980000, 185.60000,
,,,00.000016000000, 185.60000,
,,,00.000016020000, 185.60000,
,,,00.000016040000, 185.60000,
,,,00.000016060000, 185.60000,
,,,00.000016080000, 185.60000,
,,,00.000016100000, 185.60000,
,,,00.000016120000, 185.60000,
,,,00.000016140000, 185.60000,
,,,00.000016160000, 185.60000,
,,,00.000016180000, 185.60000,
,,,00.000016200000, 185.60000,
,,,00.000016220000, 185.60000,
,,,00.000016240000, 185.60000,
,,,00.000016260000, 185.60000,
,,,00.000016280000, 185.60000,
,,,00.000016300000, 185.60000,
,,,00.000016320000, 185.60000,
,,,00.000016340000, 185.60000,
,,,00.000016360000, 185.60000,
,,,00.000016380000, 185.60000,
,,,00.000016400000, 185.60000,
,,,00.000016420000, 185.60000,
,,,00.000016440000, 185.60000,
,,,00.000016460000, 185.60000,
,,,00.000016480000, 185.60000,
,,,00.000016500000, 185.60000,
,,,00.000016520000, 185.60000,
,,,00.000016540000, 185.60000,
,,,00.000016560000, 185.60000,
,,,00.000016580000, 185.60000,
,,,00.000016600000, 185.60000,
,,,00.000016620000, 185.60000,
,,,00.000016640000, 185.60000,
,,,00.000016660000, 185.60000,
,,,00.000016680000, 185.60000,
,,,00.000016700000, 185.60000,
,,,00.000016720000, 185.60000,
,,,00.000016740000, 185.60000,
,,,00.000016760000, 185.60000,
,,,00.000016780000, 185.60000,
,,,00.000016800000, 185.60000,
,,,00.000016820000, 185.60000,
,,,00.000016840000, 185.60000,
,,,00.000016860000, 185.60000,
,,,00.000016880000, 185.60000,
,,,00.000016900000, 185.60000,
,,,00.000016920000, 185.60000,
,,,00.000016940000, 185.60000,
,,,00.000016960000, 185.60000,
,,,00.000016980000, 185.60000,
,,,00.000017000000, 185.60000,
,,,00.000017020000, 185.60000,
,,,00.000017040000, 185.60000,
,,,00.000017060000, 185.60000,
,,,00.000017080000, 185.60000,
,,,00.000017100000, 185.60000,
,,,00.000017120000, 185.60000,
,,,00.000017140000, 185.60000,
,,,00.000017160000, 185.60000,
,,,00.000017180000, 185.60000,
,,,00.000017200000, 185.60000,
,,,00.000017220000, 185.60000,
,,,00.000017240000, 185.60000,
,,,00.000017260000, 185.60000,
,,,00.000017280000, 185.60000,
,,,00.000017300000, 185.60000,
,,,00.000017320000, 185.60000,
,,,00.000017340000, 185.60000,
,,,00.000017360000, 185.60000,
,,,00.000017380000, 185.60000,
,,,00.000017400000, 185.60000,
,,,00.000017420000, 185.60000,
,,,00.000017440000, 185.60000,
,,,00.000017460000, 185.60000,
,,,00.000017480000, 185.60000,
,,,00.000017500000, 185.60000,
,,,00.000017520000, 185.60000,
,,,00.000017540000, 185.60000,
,,,00.000017560000, 185.60000,
,,,00.000017580000, 185.60000,
,,,00.000017600000, 185.60000,
,,,00.000017620000, 185.60000,
,,,00.000017640000, 185.60000,
,,,00.000017660000, 185.60000,
,,,00.000017680000, 185.60000,
,,,00.000017700000, 185.60000,
,,,00.000017720000, 185.60000,
,,,00.000017740000, 185.60000,
,,,00.000017760000, 185.60000,
,,,00.000017780000, 185.60000,
,,,00.000017800000, 185.60000,
,,,00.000017820000, 185.60000,
,,,00.000017840000, 185.60000,
,,,00.000017860000, 185.60000,
,,,00.000017880000, 185.60000,
,,,00.000017900000, 185.60000,
,,,00.000017920000, 185.60000,
,,,00.000017940000, 185.60000,
,,,00.000017960000, 185.60000,
,,,00.000017980000, 185.60000,
,,,00.000018000000, 185.60000,
,,,00.000018020000, 185.60000,
,,,00.000018040000, 185.60000,
,,,00.000018060000, 185.60000,
,,,00.000018080000, 185.60000,
,,,00.000018100000, 185.60000,
,,,00.000018120000, 185.60000,
,,,00.000018140000, 185.60000,
,,,00.000018160000, 185.60000,
,,,00.000018180000, 185.60000,
,,,00.000018200000, 185.60000,
,,,00.000018220000, 185.60000,
,,,00.000018240000, 185.60000,
,,,00.000018260000, 185.60000,
,,,00.000018280000, 185.60000,
,,,00.000018300000, 185.60000,
,,,00.000018320000, 185.60000,
,,,00.000018340000, 185.60000,
,,,00.000018360000, 185.60000,
,,,00.000018380000, 185.60000,
,,,00.000018400000, 185.60000,
,,,00.000018420000, 185.60000,
,,,00.000018440000, 185.60000,
,,,00.000018460000, 185.60000,
,,,00.000018480000, 185.60000,
,,,00.000018500000, 185.60000,
,,,00.000018520000, 185.60000,
,,,00.000018540000, 185.60000,
,,,00.000018560000, 185.60000,
,,,00.000018580000, 185.60000,
,,,00.000018600000, 185.60000,
,,,00.000018620000, 185.60000,
,,,00.000018640000, 185.60000,
,,,00.000018660000, 185.60000,
,,,00.000018680000, 185.60000,
,,,00.000018700000, 185.60000,
,,,00.000018720000, 185.60000,
,,,00.000018740000, 185.60000,
,,,00.000018760000, 185.60000,
,,,00.000018780000, 185.60000,
,,,00.000018800000, 185.60000,
,,,00.000018820000, 185.60000,
,,,00.000018840000, 185.60000,
,,,00.000018860000, 185.60000,
,,,00.000018880000, 185.60000,
,,,00.000018900000, 185.60000,
,,,00.000018920000, 185.60000,
,,,00.000018940000, 185.60000,
,,,00.000018960000, 185.60000,
,,,00.000018980000, 185.60000,
,,,00.000019000000, 185.60000,
,,,00.000019020000, 185.60000,
,,,00.000019040000, 185.60000,
,,,00.000019060000, 185.60000,
,,,00.000019080000, 185.60000,
,,,00.000019100000, 185.60000,
,,,00.000019120000, 185.60000,
,,,00.000019140000, 185.60000,
,,,00.000019160000, 185.60000,
,,,00.000019180000, 185.60000,
,,,00.000019200000, 185.60000,
,,,00.000019220000, 185.60000,
,,,00.000019240000, 185.60000,
,,,00.000019260000, 185.60000,
,,,00.000019280000, 185.60000,
,,,00.000019300000, 185.60000,
,,,00.000019320000, 185.60000,
,,,00.000019340000, 185.60000,
,,,00.000019360000, 185.60000,
,,,00.000019380000, 185.60000,
,,,00.000019400000, 185.60000,
,,,00.000019420000, 185.60000,
,,,00.000019440000, 185.60000,
,,,00.000019460000, 185.60000,
,,,00.000019480000, 185.60000,
,,,00.000019500000, 185.60000,
,,,00.000019520000, 185.60000,
,,,00.000019540000, 185.60000,
,,,00.000019560000, 185.60000,
,,,00.000019580000, 185.60000,
,,,00.000019600000, 185.60000,
,,,00.000019620000, 185.60000,
,,,00.000019640000, 185.60000,
,,,00.000019660000, 185.60000,
,,,00.000019680000, 185.60000,
,,,00.000019700000, 185.60000,
,,,00.000019720000, 185.60000,
,,,00.000019740000, 185.60000,
,,,00.000019760000, 185.60000,
,,,00.000019780000, 185.60000,
,,,00.000019800000, 185.60000,
,,,00.000019820000, 185.60000,
,,,00.000019840000, 185.60000,
,,,00.000019860000, 185.60000,
,,,00.000019880000, 185.60000,
,,,00.000019900000, 185.60000,
,,,00.000019920000, 185.60000,
,,,00.000019940000, 185.60000,
,,,00.000019960000, 185.60000,
,,,00.000019980000, 185.60000,
,,,00.000020000000, 185.60000,
,,,00.000020020000, 185.60000,
,,,00.000020040000, 185.60000,
,,,00.000020060000, 185.60000,
,,,00.000020080000, 185.60000,
,,,00.000020100000, 185.60000,
,,,00.000020120000, 185.60000,
,,,00.000020140000, 185.60000,
,,,00.000020160000, 185.60000,
,,,00.000020180000, 185.60000,
,,,00.000020200000, 185.60000,
,,,00.000020220000, 185.60000,
,,,00.000020240000, 185.60000,
,,,00.000020260000, 185.60000,
,,,00.000020280000, 185.60000,
,,,00.000020300000, 185.60000,
,,,00.000020320000, 185.60000,
,,,00.000020340000, 185.60000,
,,,00.000020360000, 185.60000,
,,,00.000020380000, 185.60000,
,,,00.000020400000, 185.60000,
,,,00.000020420000, 185.60000,
,,,00.000020440000, 185.60000,
,,,00.000020460000, 185.60000,
,,,00.000020480000, 185.60000,
,,,00.000020500000, 185.60000,
,,,00.000020520000, 185.60000,
,,,00.000020540000, 185.60000,
,,,00.000020560000, 185.60000,
,,,00.000020580000, 185.60000,
,,,00.000020600000, 185.60000,
,,,00.000020620000, 185.60000,
,,,00.000020640000, 185.60000,
,,,00.000020660000, 185.60000,
,,,00.000020680000, 185.60000,
,,,00.000020700000, 185.60000,
,,,00.000020720000, 185.60000,
,,,00.000020740000, 185.60000,
,,,00.000020760000, 185.60000,
,,,00.000020780000, 185.60000,
,,,00.000020800000, 185.60000,
,,,00.000020820000, 185.60000,
,,,00.000020840000, 185.60000,
,,,00.000020860000, 185.60000,
,,,00.000020880000, 185.60000,
,,,00.000020900000, 185.60000,
,,,00.000020920000, 185.60000,
,,,00.000020940000, 185.60000,
,,,00.000020960000, 185.60000,
,,,00.000020980000, 185.60000,
,,,00.000021000000, 185.60000,
,,,00.000021020000, 185.60000,
,,,00.000021040000, 185.60000,
,,,00.000021060000, 185.60000,
,,,00.000021080000, 185.60000,
,,,00.000021100000, 185.60000,
,,,00.000021120000, 185.60000,
,,,00.000021140000, 185.60000,
,,,00.000021160000, 185.60000,
,,,00.000021180000, 185.60000,
,,,00.000021200000, 185.60000,
,,,00.000021220000, 185.60000,
,,,00.000021240000, 185.60000,
,,,00.000021260000, 185.60000,
,,,00.000021280000, 185.60000,
,,,00.000021300000, 185.60000,
,,,00.000021320000, 185.60000,
,,,00.000021340000, 185.60000,
,,,00.000021360000, 185.60000,
,,,00.000021380000, 185.60000,
,,,00.000021400000, 185.60000,
,,,00.000021420000, 185.60000,
,,,00.000021440000, 185.60000,
,,,00.000021460000, 185.60000,
,,,00.000021480000, 185.60000,
,,,00.000021500000, 185.60000,
,,,00.000021520000, 185.60000,
,,,00.000021540000, 185.60000,
,,,00.000021560000, 185.60000,
,,,00.000021580000, 185.60000,
,,,00.000021600000, 185.60000,
,,,00.000021620000, 185.60000,
,,,00.000021640000, 185.60000,
,,,00.000021660000, 185.60000,
,,,00.000021680000, 185.60000,
,,,00.000021700000, 185.60000,
,,,00.000021720000, 185.60000,
,,,00.000021740000, 185.60000,
,,,00.000021760000, 185.60000,
,,,00.000021780000, 185.60000,
,,,00.000021800000, 185.60000,
,,,00.000021820000, 185.60000,
,,,00.000021840000, 185.60000,
,,,00.000021860000, 185.60000,
,,,00.000021880000, 185.60000,
,,,00.000021900000, 185.60000,
,,,00.000021920000, 185.60000,
,,,00.000021940000, 185.60000,
,,,00.000021960000, 185.60000,
,,,00.000021980000, 185.60000,
,,,00.000022000000, 185.60000,
,,,00.000022020000, 185.60000,
,,,00.000022040000, 185.60000,
,,,00.000022060000, 185.60000,
,,,00.000022080000, 185.60000,
,,,00.000022100000, 185.60000,
,,,00.000022120000, 185.60000,
,,,00.000022140000, 185.60000,
,,,00.000022160000, 185.60000,
,,,00.000022180000, 185.60000,
,,,00.000022200000, 185.60000,
,,,00.000022220000, 185.60000,
,,,00.000022240000, 185.60000,
,,,00.000022260000, 185.60000,
,,,00.000022280000, 185.60000,
,,,00.000022300000, 185.60000,
,,,00.000022320000, 185.60000,
,,,00.000022340000, 185.60000,
,,,00.000022360000, 185.60000,
,,,00.000022380000, 185.60000,
,,,00.000022400000, 185.60000,
,,,00.000022420000, 185.60000,
,,,00.000022440000, 185.60000,
,,,00.000022460000, 185.60000,
,,,00.000022480000, 185.60000,
,,,00.000022500000, 185.60000,
,,,00.000022520000, 185.60000,
,,,00.000022540000, 185.60000,
,,,00.000022560000, 185.60000,
,,,00.000022580000, 185.60000,
,,,00.000022600000, 185.60000,
,,,00.000022620000, 185.60000,
,,,00.000022640000, 185.60000,
,,,00.000022660000, 185.60000,
,,,00.000022680000, 185.60000,
,,,00.000022700000, 185.60000,
,,,00.000022720000, 185.60000,
,,,00.000022740000, 185.60000,
,,,00.000022760000, 185.60000,
,,,00.000022780000, 185.60000,
,,,00.000022800000, 185.60000,
,,,00.000022820000, 185.60000,
,,,00.000022840000, 185.60000,
,,,00.000022860000, 185.60000,
,,,00.000022880000, 185.60000,
,,,00.000022900000, 185.60000,
,,,00.000022920000, 185.60000,
,,,00.000022940000, 185.60000,
,,,00.000022960000, 185.60000,
,,,00.000022980000, 185.60000,
,,,00.000023000000, 185.60000,
,,,00.000023020000, 185.60000,
,,,00.000023040000, 185.60000,
,,,00.000023060000, 185.60000,
,,,00.000023080000, 185.60000,
,,,00.000023100000, 185.60000,
,,,00.000023120000, 185.60000,
,,,00.000023140000, 185.60000,
,,,00.000023160000, 185.60000,
,,,00.000023180000, 185.60000,
,,,00.000023200000, 185.60000,
,,,00.000023220000, 185.60000,
,,,00.000023240000, 185.60000,
,,,00.000023260000, 185.60000,
,,,00.000023280000, 185.60000,
,,,00.000023300000, 185.60000,
,,,00.000023320000, 185.60000,
,,,00.000023340000, 185.60000,
,,,00.000023360000, 185.60000,
,,,00.000023380000, 185.60000,
,,,00.000023400000, 185.60000,
,,,00.000023420000, 185.60000,
,,,00.000023440000, 185.60000,
,,,00.000023460000, 185.60000,
,,,00.000023480000, 185.60000,
,,,00.000023500000, 185.60000,
,,,00.000023520000, 185.60000,
,,,00.000023540000, 185.60000,
,,,00.000023560000, 185.60000,
,,,00.000023580000, 185.60000,
,,,00.000023600000, 185.60000,
,,,00.000023620000, 185.60000,
,,,00.000023640000, 185.60000,
,,,00.000023660000, 185.60000,
,,,00.000023680000, 185.60000,
,,,00.000023700000, 185.60000,
,,,00.000023720000, 185.60000,
,,,00.000023740000, 185.60000,
,,,00.000023760000, 185.60000,
,,,00.000023780000, 185.60000,
,,,00.000023800000, 185.60000,
,,,00.000023820000, 185.60000,
,,,00.000023840000, 185.60000,
,,,00.000023860000, 185.60000,
,,,00.000023880000, 185.60000,
,,,00.000023900000, 185.60000,
,,,00.000023920000, 185.60000,
,,,00.000023940000, 185.60000,
,,,00.000023960000, 185.60000,
,,,00.000023980000, 185.60000,
,,,00.000024000000, 185.60000,
,,,00.000024020000, 185.60000,
,,,00.000024040000, 185.60000,
,,,00.000024060000, 185.60000,
,,,00.000024080000, 185.60000,
,,,00.000024100000, 185.60000,
,,,00.000024120000, 185.60000,
,,,00.000024140000, 185.60000,
,,,00.000024160000, 185.60000,
,,,00.000024180000, 185.60000,
,,,00.000024200000, 185.60000,
,,,00.000024220000, 185.60000,
,,,00.000024240000, 185.60000,
,,,00.000024260000, 185.60000,
,,,00.000024280000, 185.60000,
,,,00.000024300000, 185.60000,
,,,00.000024320000, 185.60000,
,,,00.000024340000, 185.60000,
,,,00.000024360000, 185.60000,
,,,00.000024380000, 185.60000,
,,,00.000024400000, 185.60000,
,,,00.000024420000, 185.60000,
,,,00.000024440000, 185.60000,
,,,00.000024460000, 185.60000,
,,,00.000024480000, 185.60000,
,,,00.000024500000, 185.60000,
,,,00.000024520000, 185.60000,
,,,00.000024540000, 185.60000,
,,,00.000024560000, 185.60000,
,,,00.000024580000, 185.60000,
,,,00.000024600000, 185.60000,
,,,00.000024620000, 185.60000,
,,,00.000024640000, 185.60000,
,,,00.000024660000, 185.60000,
,,,00.000024680000, 185.60000,
,,,00.000024700000, 185.60000,
,,,00.000024720000, 185.60000,
,,,00.000024740000, 185.60000,
,,,00.000024760000, 185.60000,
,,,00.000024780000, 185.60000,
,,,00.000024800000, 185.60000,
,,,00.000024820000, 185.60000,
,,,00.000024840000, 185.60000,
,,,00.000024860000, 185.60000,
,,,00.000024880000, 185.60000,
,,,00.000024900000, 185.60000,
,,,00.000024920000, 185.60000,
,,,00.000024940000, 185.60000,
,,,00.000024960000, 185.60000,
,,,00.000024980000, 185.60000,
,,,00.000025000000, 185.60000,
,,,00.000025020000, 185.60000,
,,,00.000025040000, 185.60000,
,,,00.000025060000, 185.60000,
,,,00.000025080000, 185.60000,
,,,00.000025100000, 185.60000,
,,,00.000025120000, 185.60000,
,,,00.000025140000, 185.60000,
,,,00.000025160000, 185.60000,
,,,00.000025180000, 185.60000,
,,,00.000025200000, 185.60000,
,,,00.000025220000, 185.60000,
,,,00.000025240000, 185.60000,
,,,00.000025260000, 185.60000,
,,,00.000025280000, 185.60000,
,,,00.000025300000, 185.60000,
,,,00.000025320000, 185.60000,
,,,00.000025340000, 185.60000,
,,,00.000025360000, 185.60000,
,,,00.000025380000, 185.60000,
,,,00.000025400000, 185.60000,
,,,00.000025420000, 185.60000,
,,,00.000025440000, 185.60000,
,,,00.000025460000, 185.60000,
,,,00.000025480000, 185.60000,
,,,00.000025500000, 185.60000,
,,,00.000025520000, 185.60000,
,,,00.000025540000, 185.60000,
,,,00.000025560000, 185.60000,
,,,00.000025580000, 185.60000,
,,,00.000025600000, 185.60000,
,,,00.000025620000, 185.60000,
,,,00.000025640000, 185.60000,
,,,00.000025660000, 185.60000,
,,,00.000025680000, 185.60000,
,,,00.000025700000, 185.60000,
,,,00.000025720000, 185.60000,
,,,00.000025740000, 185.60000,
,,,00.000025760000, 185.60000,
,,,00.000025780000, 185.60000,
,,,00.000025800000, 185.60000,
,,,00.000025820000, 185.60000,
,,,00.000025840000, 185.60000,
,,,00.000025860000, 185.60000,
,,,00.000025880000, 185.60000,
,,,00.000025900000, 185.60000,
,,,00.000025920000, 185.60000,
,,,00.000025940000, 185.60000,
,,,00.000025960000, 185.60000,
,,,00.000025980000, 185.60000,
,,,00.000026000000, 185.60000,
,,,00.000026020000, 185.60000,
,,,00.000026040000, 185.60000,
,,,00.000026060000, 185.60000,
,,,00.000026080000, 185.60000,
,,,00.000026100000, 185.60000,
,,,00.000026120000, 185.60000,
,,,00.000026140000, 185.60000,
,,,00.000026160000, 185.60000,
,,,00.000026180000, 185.60000,
,,,00.000026200000, 185.60000,
,,,00.000026220000, 185.60000,
,,,00.000026240000, 185.60000,
,,,00.000026260000, 185.60000,
,,,00.000026280000, 185.60000,
,,,00.000026300000, 185.60000,
,,,00.000026320000, 185.60000,
,,,00.000026340000, 185.60000,
,,,00.000026360000, 185.60000,
,,,00.000026380000, 185.60000,
,,,00.000026400000, 185.60000,
,,,00.000026420000, 185.60000,
,,,00.000026440000, 185.60000,
,,,00.000026460000, 185.60000,
,,,00.000026480000, 185.60000,
,,,00.000026500000, 185.60000,
,,,00.000026520000, 185.60000,
,,,00.000026540000, 185.60000,
,,,00.000026560000, 185.60000,
,,,00.000026580000, 185.60000,
,,,00.000026600000, 185.60000,
,,,00.000026620000, 185.60000,
,,,00.000026640000, 185.60000,
,,,00.000026660000, 185.60000,
,,,00.000026680000, 185.60000,
,,,00.000026700000, 185.60000,
,,,00.000026720000, 185.60000,
,,,00.000026740000, 185.60000,
,,,00.000026760000, 185.60000,
,,,00.000026780000, 185.60000,
,,,00.000026800000, 185.60000,
,,,00.000026820000, 185.60000,
,,,00.000026840000, 185.60000,
,,,00.000026860000, 185.60000,
,,,00.000026880000, 185.60000,
,,,00.000026900000, 185.60000,
,,,00.000026920000, 185.60000,
,,,00.000026940000, 185.60000,
,,,00.000026960000, 185.60000,
,,,00.000026980000, 185.60000,
,,,00.000027000000, 185.60000,
,,,00.000027020000, 185.60000,
,,,00.000027040000, 185.60000,
,,,00.000027060000, 185.60000,
,,,00.000027080000, 185.60000,
,,,00.000027100000, 185.60000,
,,,00.000027120000, 185.60000,
,,,00.000027140000, 185.60000,
,,,00.000027160000, 185.60000,
,,,00.000027180000, 185.60000,
,,,00.000027200000, 185.60000,
,,,00.000027220000, 185.60000,
,,,00.000027240000, 185.60000,
,,,00.000027260000, 185.60000,
,,,00.000027280000, 185.60000,
,,,00.000027300000, 185.60000,
,,,00.000027320000, 185.60000,
,,,00.000027340000, 185.60000,
,,,00.000027360000, 185.60000,
,,,00.000027380000, 185.60000,
,,,00.000027400000, 185.60000,
,,,00.000027420000, 185.60000,
,,,00.000027440000, 185.60000,
,,,00.000027460000, 185.60000,
,,,00.000027480000, 185.60000,
,,,00.000027500000, 185.60000,
,,,00.000027520000, 185.60000,
,,,00.000027540000, 185.60000,
,,,00.000027560000, 185.60000,
,,,00.000027580000, 185.60000,
,,,00.000027600000, 185.60000,
,,,00.000027620000, 185.60000,
,,,00.000027640000, 185.60000,
,,,00.000027660000, 185.60000,
,,,00.000027680000, 185.60000,
,,,00.000027700000, 185.60000,
,,,00.000027720000, 185.60000,
,,,00.000027740000, 185.60000,
,,,00.000027760000, 185.60000,
,,,00.000027780000, 185.60000,
,,,00.000027800000, 185.60000,
,,,00.000027820000, 185.60000,
,,,00.000027840000, 185.60000,
,,,00.000027860000, 185.60000,
,,,00.000027880000, 185.60000,
,,,00.000027900000, 185.60000,
,,,00.000027920000, 185.60000,
,,,00.000027940000, 185.60000,
,,,00.000027960000, 185.60000,
,,,00.000027980000, 185.60000,
,,,00.000028000000, 185.60000,
,,,00.000028020000, 185.60000,
,,,00.000028040000, 185.60000,
,,,00.000028060000, 185.60000,
,,,00.000028080000, 185.60000,
,,,00.000028100000, 185.60000,
,,,00.000028120000, 185.60000,
,,,00.000028140000, 185.60000,
,,,00.000028160000, 185.60000,
,,,00.000028180000, 185.60000,
,,,00.000028200000, 185.60000,
,,,00.000028220000, 185.60000,
,,,00.000028240000, 185.60000,
,,,00.000028260000, 185.60000,
,,,00.000028280000, 185.60000,
,,,00.000028300000, 185.60000,
,,,00.000028320000, 185.60000,
,,,00.000028340000, 185.60000,
,,,00.000028360000, 185.60000,
,,,00.000028380000, 185.60000,
,,,00.000028400000, 185.60000,
,,,00.000028420000, 185.60000,
,,,00.000028440000, 185.60000,
,,,00.000028460000, 185.60000,
,,,00.000028480000, 185.60000,
,,,00.000028500000, 185.60000,
,,,00.000028520000, 185.60000,
,,,00.000028540000, 185.60000,
,,,00.000028560000, 185.60000,
,,,00.000028580000, 185.60000,
,,,00.000028600000, 185.60000,
,,,00.000028620000, 185.60000,
,,,00.000028640000, 185.60000,
,,,00.000028660000, 185.60000,
,,,00.000028680000, 185.60000,
,,,00.000028700000, 185.60000,
,,,00.000028720000, 185.60000,
,,,00.000028740000, 185.60000,
,,,00.000028760000, 185.60000,
,,,00.000028780000, 185.60000,
,,,00.000028800000, 185.60000,
,,,00.000028820000, 185.60000,
,,,00.000028840000, 185.60000,
,,,00.000028860000, 185.60000,
,,,00.000028880000, 185.60000,
,,,00.000028900000, 185.60000,
,,,00.000028920000, 185.60000,
,,,00.000028940000, 185.60000,
,,,00.000028960000, 185.60000,
,,,00.000028980000, 185.60000,
,,,00.000029000000, 185.60000,
,,,00.000029020000, 185.60000,
,,,00.000029040000, 185.60000,
,,,00.000029060000, 185.60000,
,,,00.000029080000, 185.60000,
,,,00.000029100000, 185.60000,
,,,00.000029120000, 185.60000,
,,,00.000029140000, 185.60000,
,,,00.000029160000, 185.60000,
,,,00.000029180000, 185.60000,
,,,00.000029200000, 185.60000,
,,,00.000029220000, 185.60000,
,,,00.000029240000, 185.60000,
,,,00.000029260000, 185.60000,
,,,00.000029280000, 185.60000,
,,,00.000029300000, 185.60000,
,,,00.000029320000, 185.60000,
,,,00.000029340000, 185.60000,
,,,00.000029360000, 185.60000,
,,,00.000029380000, 185.60000,
,,,00.000029400000, 185.60000,
,,,00.000029420000, 185.60000,
,,,00.000029440000, 185.60000,
,,,00.000029460000, 185.60000,
,,,00.000029480000, 185.60000,
,,,00.000029500000, 185.60000,
,,,00.000029520000, 185.60000,
,,,00.000029540000, 185.60000,
,,,00.000029560000, 185.60000,
,,,00.000029580000, 185.60000,
,,,00.000029600000, 185.60000,
,,,00.000029620000, 185.60000,
,,,00.000029640000, 185.60000,
,,,00.000029660000, 185.60000,
,,,00.000029680000, 185.60000,
,,,00.000029700000, 185.60000,
,,,00.000029720000, 185.60000,
,,,00.000029740000, 185.60000,
,,,00.000029760000, 185.60000,
,,,00.000029780000, 185.60000,
,,,00.000029800000, 185.60000,
,,,00.000029820000, 185.60000,
,,,00.000029840000, 185.60000,
,,,00.000029860000, 185.60000,
,,,00.000029880000, 185.60000,
,,,00.000029900000, 185.60000,
,,,00.000029920000, 185.60000,
,,,00.000029940000, 185.60000,
,,,00.000029960000, 185.60000,
,,,00.000029980000, 185.60000,
,,,00.000030000000, 185.60000,
,,,00.000030020000, 185.60000,
,,,00.000030040000, 185.60000,
,,,00.000030060000, 185.60000,
,,,00.000030080000, 185.60000,
,,,00.000030100000, 185.60000,
,,,00.000030120000, 185.60000,
,,,00.000030140000, 185.60000,
,,,00.000030160000, 185.60000,
,,,00.000030180000, 185.60000,
,,,00.000030200000, 185.60000,
,,,00.000030220000, 185.60000,
,,,00.000030240000, 185.60000,
,,,00.000030260000, 185.60000,
,,,00.000030280000, 185.60000,
,,,00.000030300000, 185.60000,
,,,00.000030320000, 185.60000,
,,,00.000030340000, 185.60000,
,,,00.000030360000, 185.60000,
,,,00.000030380000, 185.60000,
,,,00.000030400000, 185.60000,
,,,00.000030420000, 185.60000,
,,,00.000030440000, 185.60000,
,,,00.000030460000, 185.60000,
,,,00.000030480000, 185.60000,
,,,00.000030500000, 185.60000,
,,,00.000030520000, 185.60000,
,,,00.000030540000, 185.60000,
,,,00.000030560000, 185.60000,
,,,00.000030580000, 185.60000,
,,,00.000030600000, 185.60000,
,,,00.000030620000, 185.60000,
,,,00.000030640000, 185.60000,
,,,00.000030660000, 185.60000,
,,,00.000030680000, 185.60000,
,,,00.000030700000, 185.60000,
,,,00.000030720000, 185.60000,
,,,00.000030740000, 185.60000,
,,,00.000030760000, 185.60000,
,,,00.000030780000, 185.60000,
,,,00.000030800000, 185.60000,
,,,00.000030820000, 185.60000,
,,,00.000030840000, 185.60000,
,,,00.000030860000, 185.60000,
,,,00.000030880000, 185.60000,
,,,00.000030900000, 185.60000,
,,,00.000030920000, 185.60000,
,,,00.000030940000, 185.60000,
,,,00.000030960000, 185.60000,
,,,00.000030980000, 185.60000,
,,,00.000031000000, 185.60000,
,,,00.000031020000, 185.60000,
,,,00.000031040000, 185.60000,
,,,00.000031060000, 185.60000,
,,,00.000031080000, 185.60000,
,,,00.000031100000, 185.60000,
,,,00.000031120000, 185.60000,
,,,00.000031140000, 185.60000,
,,,00.000031160000, 185.60000,
,,,00.000031180000, 185.60000,
,,,00.000031200000, 185.60000,
,,,00.000031220000, 185.60000,
,,,00.000031240000, 185.60000,
,,,00.000031260000, 185.60000,
,,,00.000031280000, 185.60000,
,,,00.000031300000, 185.60000,
,,,00.000031320000, 185.60000,
,,,00.000031340000, 185.60000,
,,,00.000031360000, 185.60000,
,,,00.000031380000, 185.60000,
,,,00.000031400000, 185.60000,
,,,00.000031420000, 185.60000,
,,,00.000031440000, 185.60000,
,,,00.000031460000, 185.60000,
,,,00.000031480000, 185.60000,
,,,00.000031500000, 185.60000,
,,,00.000031520000, 185.60000,
,,,00.000031540000, 185.60000,
,,,00.000031560000, 185.60000,
,,,00.000031580000, 185.60000,
,,,00.000031600000, 185.60000,
,,,00.000031620000, 185.60000,
,,,00.000031640000, 185.60000,
,,,00.000031660000, 185.60000,
,,,00.000031680000, 185.60000,
,,,00.000031700000, 185.60000,
,,,00.000031720000, 185.60000,
,,,00.000031740000, 185.60000,
,,,00.000031760000, 185.60000,
,,,00.000031780000, 185.60000,
,,,00.000031800000, 185.60000,
,,,00.000031820000, 185.60000,
,,,00.000031840000, 185.60000,
,,,00.000031860000, 185.60000,
,,,00.000031880000, 185.60000,
,,,00.000031900000, 185.60000,
,,,00.000031920000, 185.60000,
,,,00.000031940000, 185.60000,
,,,00.000031960000, 185.60000,
,,,00.000031980000, 185.60000,
,,,00.000032000000, 185.60000,
,,,00.000032020000, 185.60000,
,,,00.000032040000, 185.60000,
,,,00.000032060000, 185.60000,
,,,00.000032080000, 185.60000,
,,,00.000032100000, 185.60000,
,,,00.000032120000, 185.60000,
,,,00.000032140000, 185.60000,
,,,00.000032160000, 185.60000,
,,,00.000032180000, 185.60000,
,,,00.000032200000, 185.60000,
,,,00.000032220000, 185.60000,
,,,00.000032240000, 185.60000,
,,,00.000032260000, 185.60000,
,,,00.000032280000, 185.60000,
,,,00.000032300000, 185.60000,
,,,00.000032320000, 185.60000,
,,,00.000032340000, 185.60000,
,,,00.000032360000, 185.60000,
,,,00.000032380000, 185.60000,
,,,00.000032400000, 185.60000,
,,,00.000032420000, 185.60000,
,,,00.000032440000, 185.60000,
,,,00.000032460000, 185.60000,
,,,00.000032480000, 185.60000,
,,,00.000032500000, 185.60000,
,,,00.000032520000, 185.60000,
,,,00.000032540000, 185.60000,
,,,00.000032560000, 185.60000,
,,,00.000032580000, 185.60000,
,,,00.000032600000, 185.60000,
,,,00.000032620000, 185.60000,
,,,00.000032640000, 185.60000,
,,,00.000032660000, 185.60000,
,,,00.000032680000, 185.60000,
,,,00.000032700000, 185.60000,
,,,00.000032720000, 185.60000,
,,,00.000032740000, 185.60000,
,,,00.000032760000, 185.60000,
,,,00.000032780000, 185.60000,
,,,00.000032800000, 185.60000,
,,,00.000032820000, 185.60000,
,,,00.000032840000, 185.60000,
,,,00.000032860000, 185.60000,
,,,00.000032880000, 185.60000,
,,,00.000032900000, 185.60000,
,,,00.000032920000, 185.60000,
,,,00.000032940000, 185.60000,
,,,00.000032960000, 185.60000,
,,,00.000032980000, 185.60000,
,,,00.000033000000, 185.60000,
,,,00.000033020000, 185.60000,
,,,00.000033040000, 185.60000,
,,,00.000033060000, 185.60000,
,,,00.000033080000, 185.60000,
,,,00.000033100000, 185.60000,
,,,00.000033120000, 185.60000,
,,,00.000033140000, 185.60000,
,,,00.000033160000, 185.60000,
,,,00.000033180000, 185.60000,
,,,00.000033200000, 185.60000,
,,,00.000033220000, 185.60000,
,,,00.000033240000, 185.60000,
,,,00.000033260000, 185.60000,
,,,00.000033280000, 185.60000,
,,,00.000033300000, 185.60000,
,,,00.000033320000, 185.60000,
,,,00.000033340000, 185.60000,
,,,00.000033360000, 185.60000,
,,,00.000033380000, 185.60000,
,,,00.000033400000, 185.60000,
,,,00.000033420000, 185.60000,
,,,00.000033440000, 185.60000,
,,,00.000033460000, 185.60000,
,,,00.000033480000, 185.60000,
,,,00.000033500000, 185.60000,
,,,00.000033520000, 185.60000,
,,,00.000033540000, 185.60000,
,,,00.000033560000, 185.60000,
,,,00.000033580000, 185.60000,
,,,00.000033600000, 185.60000,
,,,00.000033620000, 185.60000,
,,,00.000033640000, 185.60000,
,,,00.000033660000, 185.60000,
,,,00.000033680000, 185.60000,
,,,00.000033700000, 185.60000,
,,,00.000033720000, 185.60000,
,,,00.000033740000, 185.60000,
,,,00.000033760000, 185.60000,
,,,00.000033780000, 185.60000,
,,,00.000033800000, 185.60000,
,,,00.000033820000, 185.60000,
,,,00.000033840000, 185.60000,
,,,00.000033860000, 185.60000,
,,,00.000033880000, 185.60000,
,,,00.000033900000, 185.60000,
,,,00.000033920000, 185.60000,
,,,00.000033940000, 185.60000,
,,,00.000033960000, 185.60000,
,,,00.000033980000, 185.60000,
,,,00.000034000000, 185.60000,
,,,00.000034020000, 185.60000,
,,,00.000034040000, 185.60000,
,,,00.000034060000, 185.60000,
,,,00.000034080000, 185.60000,
,,,00.000034100000, 185.60000,
,,,00.000034120000, 185.60000,
,,,00.000034140000, 185.60000,
,,,00.000034160000, 185.60000,
,,,00.000034180000, 185.60000,
,,,00.000034200000, 185.60000,
,,,00.000034220000, 185.60000,
,,,00.000034240000, 185.60000,
,,,00.000034260000, 185.60000,
,,,00.000034280000, 185.60000,
,,,00.000034300000, 185.60000,
,,,00.000034320000, 185.60000,
,,,00.000034340000, 185.60000,
,,,00.000034360000, 185.60000,
,,,00.000034380000, 185.60000,
,,,00.000034400000, 185.60000,
,,,00.000034420000, 185.60000,
,,,00.000034440000, 185.60000,
,,,00.000034460000, 185.60000,
,,,00.000034480000, 185.60000,
,,,00.000034500000, 185.60000,
,,,00.000034520000, 185.60000,
,,,00.000034540000, 185.60000,
,,,00.000034560000, 185.60000,
,,,00.000034580000, 185.60000,
,,,00.000034600000, 185.60000,
,,,00.000034620000, 185.60000,
,,,00.000034640000, 185.60000,
,,,00.000034660000, 185.60000,
,,,00.000034680000, 185.60000,
,,,00.000034700000, 185.60000,
,,,00.000034720000, 185.60000,
,,,00.000034740000, 185.60000,
,,,00.000034760000, 185.60000,
,,,00.000034780000, 185.60000,
,,,00.000034800000, 185.60000,
,,,00.000034820000, 185.60000,
,,,00.000034840000, 185.60000,
,,,00.000034860000, 185.60000,
,,,00.000034880000, 185.60000,
,,,00.000034900000, 185.60000,
,,,00.000034920000, 185.60000,
,,,00.000034940000, 185.60000,
,,,00.000034960000, 185.60000,
,,,00.000034980000, 185.60000,
,,,00.000035000000, 185.60000,
,,,00.000035020000, 185.60000,
,,,00.000035040000, 185.60000,
,,,00.000035060000, 185.60000,
,,,00.000035080000, 185.60000,
,,,00.000035100000, 185.60000,
,,,00.000035120000, 185.60000,
,,,00.000035140000, 185.60000,
,,,00.000035160000, 185.60000,
,,,00.000035180000, 185.60000,
,,,00.000035200000, 185.60000,
,,,00.000035220000, 185.60000,
,,,00.000035240000, 185.60000,
,,,00.000035260000, 185.60000,
,,,00.000035280000, 185.60000,
,,,00.000035300000, 185.60000,
,,,00.000035320000, 185.60000,
,,,00.000035340000, 185.60000,
,,,00.000035360000, 185.60000,
,,,00.000035380000, 185.60000,
,,,00.000035400000, 185.60000,
,,,00.000035420000, 185.60000,
,,,00.000035440000, 185.60000,
,,,00.000035460000, 185.60000,
,,,00.000035480000, 185.60000,
,,,00.000035500000, 185.60000,
,,,00.000035520000, 185.60000,
,,,00.000035540000, 185.60000,
,,,00.000035560000, 185.60000,
,,,00.000035580000, 185.60000,
,,,00.000035600000, 185.60000,
,,,00.000035620000, 185.60000,
,,,00.000035640000, 185.60000,
,,,00.000035660000, 185.60000,
,,,00.000035680000, 185.60000,
,,,00.000035700000, 185.60000,
,,,00.000035720000, 185.60000,
,,,00.000035740000, 185.60000,
,,,00.000035760000, 185.60000,
,,,00.000035780000, 185.60000,
,,,00.000035800000, 185.60000,
,,,00.000035820000, 185.60000,
,,,00.000035840000, 185.60000,
,,,00.000035860000, 185.60000,
,,,00.000035880000, 185.60000,
,,,00.000035900000, 185.60000,
,,,00.000035920000, 185.60000,
,,,00.000035940000, 185.60000,
,,,00.000035960000, 185.60000,
,,,00.000035980000, 185.60000,
,,,00.000036000000, 185.60000,
,,,00.000036020000, 185.60000,
,,,00.000036040000, 185.60000,
,,,00.000036060000, 185.60000,
,,,00.000036080000, 185.60000,
,,,00.000036100000, 185.60000,
,,,00.000036120000, 185.60000,
,,,00.000036140000, 185.60000,
,,,00.000036160000, 185.60000,
,,,00.000036180000, 185.60000,
,,,00.000036200000, 185.60000,
,,,00.000036220000, 185.60000,
,,,00.000036240000, 185.60000,
,,,00.000036260000, 185.60000,
,,,00.000036280000, 185.60000,
,,,00.000036300000, 185.60000,
,,,00.000036320000, 185.60000,
,,,00.000036340000, 185.60000,
,,,00.000036360000, 185.60000,
,,,00.000036380000, 185.60000,
,,,00.000036400000, 185.60000,
,,,00.000036420000, 185.60000,
,,,00.000036440000, 185.60000,
,,,00.000036460000, 185.60000,
,,,00.000036480000, 185.60000,
,,,00.000036500000, 185.60000,
,,,00.000036520000, 185.60000,
,,,00.000036540000, 185.60000,
,,,00.000036560000, 185.60000,
,,,00.000036580000, 185.60000,
,,,00.000036600000, 185.60000,
,,,00.000036620000, 185.60000,
,,,00.000036640000, 185.60000,
,,,00.000036660000, 185.60000,
,,,00.000036680000, 185.60000,
,,,00.000036700000, 185.60000,
,,,00.000036720000, 185.60000,
,,,00.000036740000, 185.60000,
,,,00.000036760000, 185.60000,
,,,00.000036780000, 185.60000,
,,,00.000036800000, 185.60000,
,,,00.000036820000, 185.60000,
,,,00.000036840000, 185.60000,
,,,00.000036860000, 185.60000,
,,,00.000036880000, 185.60000,
,,,00.000036900000, 185.60000,
,,,00.000036920000, 185.60000,
,,,00.000036940000, 185.60000,
,,,00.000036960000, 185.60000,
,,,00.000036980000, 185.60000,
,,,00.000037000000, 185.60000,
,,,00.000037020000, 185.60000,
,,,00.000037040000, 185.60000,
,,,00.000037060000, 185.60000,
,,,00.000037080000, 185.60000,
,,,00.000037100000, 185.60000,
,,,00.000037120000, 185.60000,
,,,00.000037140000, 185.60000,
,,,00.000037160000, 185.60000,
,,,00.000037180000, 185.60000,
,,,00.000037200000, 185.60000,
,,,00.000037220000, 185.60000,
,,,00.000037240000, 185.60000,
,,,00.000037260000, 185.60000,
,,,00.000037280000, 185.60000,
,,,00.000037300000, 185.60000,
,,,00.000037320000, 185.60000,
,,,00.000037340000, 185.60000,
,,,00.000037360000, 185.60000,
,,,00.000037380000, 185.60000,
,,,00.000037400000, 185.60000,
,,,00.000037420000, 185.60000,
,,,00.000037440000, 185.60000,
,,,00.000037460000, 185.60000,
,,,00.000037480000, 185.60000,
,,,00.000037500000, 185.60000,
,,,00.000037520000, 185.60000,
,,,00.000037540000, 185.60000,
,,,00.000037560000, 185.60000,
,,,00.000037580000, 185.60000,
,,,00.000037600000, 185.60000,
,,,00.000037620000, 185.60000,
,,,00.000037640000, 185.60000,
,,,00.000037660000, 185.60000,
,,,00.000037680000, 185.60000,
,,,00.000037700000, 185.60000,
,,,00.000037720000, 185.60000,
,,,00.000037740000, 185.60000,
,,,00.000037760000, 185.60000,
,,,00.000037780000, 185.60000,
,,,00.000037800000, 185.60000,
,,,00.000037820000, 185.60000,
,,,00.000037840000, 185.60000,
,,,00.000037860000, 185.60000,
,,,00.000037880000, 185.60000,
,,,00.000037900000, 185.60000,
,,,00.000037920000, 185.60000,
,,,00.000037940000, 185.60000,
,,,00.000037960000, 185.60000,
,,,00.000037980000, 185.60000,
,,,00.000038000000, 185.60000,
,,,00.000038020000, 185.60000,
,,,00.000038040000, 185.60000,
,,,00.000038060000, 185.60000,
,,,00.000038080000, 185.60000,
,,,00.000038100000, 185.60000,
,,,00.000038120000, 185.60000,
,,,00.000038140000, 185.60000,
,,,00.000038160000, 185.60000,
,,,00.000038180000, 185.60000,
,,,00.000038200000, 185.60000,
,,,00.000038220000, 185.60000,
,,,00.000038240000, 185.60000,
,,,00.000038260000, 185.60000,
,,,00.000038280000, 185.60000,
,,,00.000038300000, 185.60000,
,,,00.000038320000, 185.60000,
,,,00.000038340000, 185.60000,
,,,00.000038360000, 185.60000,
,,,00.000038380000, 185.60000,
,,,00.000038400000, 185.60000,
,,,00.000038420000, 185.60000,
,,,00.000038440000, 185.60000,
,,,00.000038460000, 185.60000,
,,,00.000038480000, 185.60000,
,,,00.000038500000, 185.60000,
,,,00.000038520000, 185.60000,
,,,00.000038540000, 185.60000,
,,,00.000038560000, 185.60000,
,,,00.000038580000, 185.60000,
,,,00.000038600000, 185.60000,
,,,00.000038620000, 185.60000,
,,,00.000038640000, 185.60000,
,,,00.000038660000, 185.60000,
,,,00.000038680000, 185.60000,
,,,00.000038700000, 185.60000,
,,,00.000038720000, 185.60000,
,,,00.000038740000, 185.60000,
,,,00.000038760000, 185.60000,
,,,00.000038780000, 185.60000,
,,,00.000038800000, 185.60000,
,,,00.000038820000, 185.60000,
,,,00.000038840000, 185.60000,
,,,00.000038860000, 185.60000,
,,,00.000038880000, 185.60000,
,,,00.000038900000, 185.60000,
,,,00.000038920000, 185.60000,
,,,00.000038940000, 185.60000,
,,,00.000038960000, 185.60000,
,,,00.000038980000, 185.60000,
,,,00.000039000000, 185.60000,
,,,00.000039020000, 185.60000,
,,,00.000039040000, 185.60000,
,,,00.000039060000, 185.60000,
,,,00.000039080000, 185.60000,
,,,00.000039100000, 185.60000,
,,,00.000039120000, 185.60000,
,,,00.000039140000, 185.60000,
,,,00.000039160000, 185.60000,
,,,00.000039180000, 185.60000,
,,,00.000039200000, 185.60000,
,,,00.000039220000, 185.60000,
,,,00.000039240000, 185.60000,
,,,00.000039260000, 185.60000,
,,,00.000039280000, 185.60000,
,,,00.000039300000, 185.60000,
,,,00.000039320000, 185.60000,
,,,00.000039340000, 185.60000,
,,,00.000039360000, 185.60000,
,,,00.000039380000, 185.60000,
,,,00.000039400000, 185.60000,
,,,00.000039420000, 185.60000,
,,,00.000039440000, 185.60000,
,,,00.000039460000, 185.60000,
,,,00.000039480000, 185.60000,
,,,00.000039500000, 185.60000,
,,,00.000039520000, 185.60000,
,,,00.000039540000, 185.60000,
,,,00.000039560000, 185.60000,
,,,00.000039580000, 185.60000,
,,,00.000039600000, 185.60000,
,,,00.000039620000, 185.60000,
,,,00.000039640000, 185.60000,
,,,00.000039660000, 185.60000,
,,,00.000039680000, 185.60000,
,,,00.000039700000, 185.60000,
,,,00.000039720000, 185.60000,
,,,00.000039740000, 185.60000,
,,,00.000039760000, 185.60000,
,,,00.000039780000, 185.60000,
,,,00.000039800000, 185.60000,
,,,00.000039820000, 185.60000,
,,,00.000039840000, 185.60000,
,,,00.000039860000, 185.60000,
,,,00.000039880000, 185.60000,
,,,00.000039900000, 185.60000,
,,,00.000039920000, 185.60000,
,,,00.000039940000, 185.60000,
,,,00.000039960000, 185.60000,
,,,00.000039980000, 185.60000,
,,,00.000040000000, 185.60000,
,,,00.000040020000, 185.60000,
,,,00.000040040000, 185.60000,
,,,00.000040060000, 185.60000,
,,,00.000040080000, 185.60000,
,,,00.000040100000, 185.60000,
,,,00.000040120000, 185.60000,
,,,00.000040140000, 185.60000,
,,,00.000040160000, 185.60000,
,,,00.000040180000, 185.60000,
,,,00.000040200000, 185.60000,
,,,00.000040220000, 185.60000,
,,,00.000040240000, 185.60000,
,,,00.000040260000, 185.60000,
,,,00.000040280000, 185.60000,
,,,00.000040300000, 185.60000,
,,,00.000040320000, 185.60000,
,,,00.000040340000, 185.60000,
,,,00.000040360000, 185.60000,
,,,00.000040380000, 185.60000,
,,,00.000040400000, 185.60000,
,,,00.000040420000, 185.60000,
,,,00.000040440000, 185.60000,
,,,00.000040460000, 185.60000,
,,,00.000040480000, 185.60000,
,,,00.000040500000, 185.60000,
,,,00.000040520000, 185.60000,
,,,00.000040540000, 185.60000,
,,,00.000040560000, 185.60000,
,,,00.000040580000, 185.60000,
,,,00.000040600000, 185.60000,
,,,00.000040620000, 185.60000,
,,,00.000040640000, 185.60000,
,,,00.000040660000, 185.60000,
,,,00.000040680000, 185.60000,
,,,00.000040700000, 185.60000,
,,,00.000040720000, 185.60000,
,,,00.000040740000, 185.60000,
,,,00.000040760000, 185.60000,
,,,00.000040780000, 185.60000,
,,,00.000040800000, 185.60000,
,,,00.000040820000, 185.60000,
,,,00.000040840000, 185.60000,
,,,00.000040860000, 185.60000,
,,,00.000040880000, 185.60000,
,,,00.000040900000, 185.60000,
,,,00.000040920000, 185.60000,
,,,00.000040940000, 185.60000,
,,,00.000040960000, 185.60000,
,,,00.000040980000, 185.60000,
,,,00.000041000000, 185.60000,
,,,00.000041020000, 185.60000,
,,,00.000041040000, 185.60000,
,,,00.000041060000, 185.60000,
,,,00.000041080000, 185.60000,
,,,00.000041100000, 185.60000,
,,,00.000041120000, 185.60000,
,,,00.000041140000, 185.60000,
,,,00.000041160000, 185.60000,
,,,00.000041180000, 185.60000,
,,,00.000041200000, 185.60000,
,,,00.000041220000, 185.60000,
,,,00.000041240000, 185.60000,
,,,00.000041260000, 185.60000,
,,,00.000041280000, 185.60000,
,,,00.000041300000, 185.60000,
,,,00.000041320000, 185.60000,
,,,00.000041340000, 185.60000,
,,,00.000041360000, 185.60000,
,,,00.000041380000, 185.60000,
,,,00.000041400000, 185.60000,
,,,00.000041420000, 185.60000,
,,,00.000041440000, 185.60000,
,,,00.000041460000, 185.60000,
,,,00.000041480000, 185.60000,
,,,00.000041500000, 185.60000,
,,,00.000041520000, 185.60000,
,,,00.000041540000, 185.60000,
,,,00.000041560000, 185.60000,
,,,00.000041580000, 185.60000,
,,,00.000041600000, 185.60000,
,,,00.000041620000, 185.60000,
,,,00.000041640000, 185.60000,
,,,00.000041660000, 185.60000,
,,,00.000041680000, 185.60000,
,,,00.000041700000, 185.60000,
,,,00.000041720000, 185.60000,
,,,00.000041740000, 185.60000,
,,,00.000041760000, 185.60000,
,,,00.000041780000, 185.60000,
,,,00.000041800000, 185.60000,
,,,00.000041820000, 185.60000,
,,,00.000041840000, 185.60000,
,,,00.000041860000, 185.60000,
,,,00.000041880000, 185.60000,
,,,00.000041900000, 185.60000,
,,,00.000041920000, 185.60000,
,,,00.000041940000, 185.60000,
,,,00.000041960000, 185.60000,
,,,00.000041980000, 185.60000,
,,,00.000042000000, 185.60000,
,,,00.000042020000, 185.60000,
,,,00.000042040000, 185.60000,
,,,00.000042060000, 185.60000,
,,,00.000042080000, 185.60000,
,,,00.000042100000, 185.60000,
,,,00.000042120000, 185.60000,
,,,00.000042140000, 185.60000,
,,,00.000042160000, 185.60000,
,,,00.000042180000, 185.60000,
,,,00.000042200000, 185.60000,
,,,00.000042220000, 185.60000,
,,,00.000042240000, 185.60000,
,,,00.000042260000, 185.60000,
,,,00.000042280000, 185.60000,
,,,00.000042300000, 185.60000,
,,,00.000042320000, 185.60000,
,,,00.000042340000, 185.60000,
,,,00.000042360000, 185.60000,
,,,00.000042380000, 185.60000,
,,,00.000042400000, 185.60000,
,,,00.000042420000, 185.60000,
,,,00.000042440000, 185.60000,
,,,00.000042460000, 185.60000,
,,,00.000042480000, 185.60000,
,,,00.000042500000, 185.60000,
,,,00.000042520000, 185.60000,
,,,00.000042540000, 185.60000,
,,,00.000042560000, 185.60000,
,,,00.000042580000, 185.60000,
,,,00.000042600000, 185.60000,
,,,00.000042620000, 185.60000,
,,,00.000042640000, 185.60000,
,,,00.000042660000, 185.60000,
,,,00.000042680000, 185.60000,
,,,00.000042700000, 185.60000,
,,,00.000042720000, 185.60000,
,,,00.000042740000, 185.60000,
,,,00.000042760000, 185.60000,
,,,00.000042780000, 185.60000,
,,,00.000042800000, 185.60000,
,,,00.000042820000, 185.60000,
,,,00.000042840000, 185.60000,
,,,00.000042860000, 185.60000,
,,,00.000042880000, 185.60000,
,,,00.000042900000, 185.60000,
,,,00.000042920000, 185.60000,
,,,00.000042940000, 185.60000,
,,,00.000042960000, 185.60000,
,,,00.000042980000, 185.60000,
,,,00.000043000000, 185.60000,
,,,00.000043020000, 185.60000,
,,,00.000043040000, 185.60000,
,,,00.000043060000, 185.60000,
,,,00.000043080000, 185.60000,
,,,00.000043100000, 185.60000,
,,,00.000043120000, 185.60000,
,,,00.000043140000, 185.60000,
,,,00.000043160000, 185.60000,
,,,00.000043180000, 185.60000,
,,,00.000043200000, 185.60000,
,,,00.000043220000, 185.60000,
,,,00.000043240000, 185.60000,
,,,00.000043260000, 185.60000,
,,,00.000043280000, 185.60000,
,,,00.000043300000, 185.60000,
,,,00.000043320000, 185.60000,
,,,00.000043340000, 185.60000,
,,,00.000043360000, 185.60000,
,,,00.000043380000, 185.60000,
,,,00.000043400000, 185.60000,
,,,00.000043420000, 185.60000,
,,,00.000043440000, 185.60000,
,,,00.000043460000, 185.60000,
,,,00.000043480000, 185.60000,
,,,00.000043500000, 185.60000,
,,,00.000043520000, 185.60000,
,,,00.000043540000, 185.60000,
,,,00.000043560000, 185.60000,
,,,00.000043580000, 185.60000,
,,,00.000043600000, 185.60000,
,,,00.000043620000, 185.60000,
,,,00.000043640000, 185.60000,
,,,00.000043660000, 185.60000,
,,,00.000043680000, 185.60000,
,,,00.000043700000, 185.60000,
,,,00.000043720000, 185.60000,
,,,00.000043740000, 185.60000,
,,,00.000043760000, 185.60000,
,,,00.000043780000, 185.60000,
,,,00.000043800000, 185.60000,
,,,00.000043820000, 185.60000,
,,,00.000043840000, 185.60000,
,,,00.000043860000, 185.60000,
,,,00.000043880000, 185.60000,
,,,00.000043900000, 185.60000,
,,,00.000043920000, 185.60000,
,,,00.000043940000, 185.60000,
,,,00.000043960000, 185.60000,
,,,00.000043980000, 185.60000,
,,,00.000044000000, 185.60000,
,,,00.000044020000, 185.60000,
,,,00.000044040000, 185.60000,
,,,00.000044060000, 185.60000,
,,,00.000044080000, 185.60000,
,,,00.000044100000, 185.60000,
,,,00.000044120000, 185.60000,
,,,00.000044140000, 185.60000,
,,,00.000044160000, 185.60000,
,,,00.000044180000, 185.60000,
,,,00.000044200000, 185.60000,
,,,00.000044220000, 185.60000,
,,,00.000044240000, 185.60000,
,,,00.000044260000, 185.60000,
,,,00.000044280000, 185.60000,
,,,00.000044300000, 185.60000,
,,,00.000044320000, 185.60000,
,,,00.000044340000, 185.60000,
,,,00.000044360000, 185.60000,
,,,00.000044380000, 185.60000,
,,,00.000044400000, 185.60000,
,,,00.000044420000, 185.60000,
,,,00.000044440000, 185.60000,
,,,00.000044460000, 185.60000,
,,,00.000044480000, 185.60000,
,,,00.000044500000, 185.60000,
,,,00.000044520000, 185.60000,
,,,00.000044540000, 185.60000,
,,,00.000044560000, 185.60000,
,,,00.000044580000, 185.60000,
,,,00.000044600000, 185.60000,
,,,00.000044620000, 185.60000,
,,,00.000044640000, 185.60000,
,,,00.000044660000, 185.60000,
,,,00.000044680000, 185.60000,
,,,00.000044700000, 185.60000,
,,,00.000044720000, 185.60000,
,,,00.000044740000, 185.60000,
,,,00.000044760000, 185.60000,
,,,00.000044780000, 185.60000,
,,,00.000044800000, 185.60000,
,,,00.000044820000, 185.60000,
,,,00.000044840000, 185.60000,
,,,00.000044860000, 185.60000,
,,,00.000044880000, 185.60000,
,,,00.000044900000, 185.60000,
,,,00.000044920000, 185.60000,
,,,00.000044940000, 185.60000,
,,,00.000044960000, 185.60000,
,,,00.000044980000, 185.60000,
