Record Length,2.500000e+03,,  -0.000050000000,   6.99600,
Sample Interval,4.000000e-08,,  -0.000049960000,   6.99600,
Trigger Point,1.250000000000e+03,,  -0.000049920000,   6.99800,
,,,  -0.000049880000,   6.99800,
,,,  -0.000049840000,   6.99800,
,,,  -0.000049800000,   6.99600,
Source,CH1,,  -0.000049760000,   6.99800,
Vertical Units,V,,  -0.000049720000,   6.99600,
Vertical Scale,5.000000e-02,,  -0.000049680000,   6.99600,
Vertical Offset,-7.000000e+00,,  -0.000049640000,   6.99600,
Horizontal Units,s,,  -0.000049600000,   6.99600,
Horizontal Scale,1.000000e-05,,  -0.000049560000,   6.99600,
Pt Fmt,Y,,  -0.000049520000,   6.99600,
Yzero,0.000000e+00,,  -0.000049480000,   6.99600,
Probe Atten,1.000000e+01,,  -0.000049440000,   6.99800,
Model Number,TBS1052B,,  -0.000049400000,   6.99600,
Serial Number,C031782,,  -0.000049360000,   6.99600,
Firmware Version,FV:v4.06,,  -0.000049320000,   6.99600,
,,,-00.000049280000,   6.99600,
,,,-00.000049240000,   6.99600,
,,,-00.000049200000,   6.99600,
,,,-00.000049160000,   6.99600,
,,,-00.000049120000,   6.99600,
,,,-00.000049080000,   6.99600,
,,,-00.000049040000,   6.99600,
,,,-00.000049000000,   6.99600,
,,,-00.000048960000,   6.99600,
,,,-00.000048920000,   6.99600,
,,,-00.000048880000,   6.99600,
,,,-00.000048840000,   6.99600,
,,,-00.000048800000,   6.99600,
,,,-00.000048760000,   6.99600,
,,,-00.000048720000,   6.99600,
,,,-00.000048680000,   6.99600,
,,,-00.000048640000,   6.99600,
,,,-00.000048600000,   6.99600,
,,,-00.000048560000,   6.99600,
,,,-00.000048520000,   6.99600,
,,,-00.000048480000,   6.99600,
,,,-00.000048440000,   6.99600,
,,,-00.000048400000,   6.99600,
,,,-00.000048360000,   6.99600,
,,,-00.000048320000,   6.99600,
,,,-00.000048280000,   6.99600,
,,,-00.000048240000,   6.99600,
,,,-00.000048200000,   6.99600,
,,,-00.000048160000,   6.99400,
,,,-00.000048120000,   6.99600,
,,,-00.000048080000,   6.99600,
,,,-00.000048040000,   6.99600,
,,,-00.000048000000,   6.99600,
,,,-00.000047960000,   6.99600,
,,,-00.000047920000,   6.99600,
,,,-00.000047880000,   6.99600,
,,,-00.000047840000,   6.99600,
,,,-00.000047800000,   6.99600,
,,,-00.000047760000,   6.99600,
,,,-00.000047720000,   6.99600,
,,,-00.000047680000,   6.99600,
,,,-00.000047640000,   6.99600,
,,,-00.000047600000,   6.99600,
,,,-00.000047560000,   6.99600,
,,,-00.000047520000,   6.99600,
,,,-00.000047480000,   6.99600,
,,,-00.000047440000,   6.99600,
,,,-00.000047400000,   6.99600,
,,,-00.000047360000,   6.99600,
,,,-00.000047320000,   6.99600,
,,,-00.000047280000,   6.99600,
,,,-00.000047240000,   6.99600,
,,,-00.000047200000,   6.99600,
,,,-00.000047160000,   6.99600,
,,,-00.000047120000,   6.99600,
,,,-00.000047080000,   6.99600,
,,,-00.000047040000,   6.99600,
,,,-00.000047000000,   6.99600,
,,,-00.000046960000,   6.99600,
,,,-00.000046920000,   6.99600,
,,,-00.000046880000,   6.99600,
,,,-00.000046840000,   6.99600,
,,,-00.000046800000,   6.99600,
,,,-00.000046760000,   6.99600,
,,,-00.000046720000,   6.99600,
,,,-00.000046680000,   6.99600,
,,,-00.000046640000,   6.99600,
,,,-00.000046600000,   6.99600,
,,,-00.000046560000,   6.99600,
,,,-00.000046520000,   6.99600,
,,,-00.000046480000,   6.99600,
,,,-00.000046440000,   6.99600,
,,,-00.000046400000,   6.99600,
,,,-00.000046360000,   6.99400,
,,,-00.000046320000,   6.99600,
,,,-00.000046280000,   6.99600,
,,,-00.000046240000,   6.99400,
,,,-00.000046200000,   6.99600,
,,,-00.000046160000,   6.99600,
,,,-00.000046120000,   6.99600,
,,,-00.000046080000,   6.99600,
,,,-00.000046040000,   6.99600,
,,,-00.000046000000,   6.99600,
,,,-00.000045960000,   6.99600,
,,,-00.000045920000,   6.99600,
,,,-00.000045880000,   6.99600,
,,,-00.000045840000,   6.99600,
,,,-00.000045800000,   6.99400,
,,,-00.000045760000,   6.99600,
,,,-00.000045720000,   6.99400,
,,,-00.000045680000,   6.99600,
,,,-00.000045640000,   6.99600,
,,,-00.000045600000,   6.99600,
,,,-00.000045560000,   6.99400,
,,,-00.000045520000,   6.99400,
,,,-00.000045480000,   6.99400,
,,,-00.000045440000,   6.99600,
,,,-00.000045400000,   6.99600,
,,,-00.000045360000,   6.99400,
,,,-00.000045320000,   6.99400,
,,,-00.000045280000,   6.99600,
,,,-00.000045240000,   6.99600,
,,,-00.000045200000,   6.99400,
,,,-00.000045160000,   6.99400,
,,,-00.000045120000,   6.99400,
,,,-00.000045080000,   6.99600,
,,,-00.000045040000,   6.99600,
,,,-00.000045000000,   6.99600,
,,,-00.000044960000,   6.99600,
,,,-00.000044920000,   6.99400,
,,,-00.000044880000,   6.99600,
,,,-00.000044840000,   6.99600,
,,,-00.000044800000,   6.99400,
,,,-00.000044760000,   6.99400,
,,,-00.000044720000,   6.99600,
,,,-00.000044680000,   6.99600,
,,,-00.000044640000,   6.99400,
,,,-00.000044600000,   6.99600,
,,,-00.000044560000,   6.99400,
,,,-00.000044520000,   6.99600,
,,,-00.000044480000,   6.99400,
,,,-00.000044440000,   6.99400,
,,,-00.000044400000,   6.99600,
,,,-00.000044360000,   6.99600,
,,,-00.000044320000,   6.99600,
,,,-00.000044280000,   6.99600,
,,,-00.000044240000,   6.99400,
,,,-00.000044200000,   6.99400,
,,,-00.000044160000,   6.99400,
,,,-00.000044120000,   6.99400,
,,,-00.000044080000,   6.99400,
,,,-00.000044040000,   6.99600,
,,,-00.000044000000,   6.99600,
,,,-00.000043960000,   6.99600,
,,,-00.000043920000,   6.99600,
,,,-00.000043880000,   6.99600,
,,,-00.000043840000,   6.99600,
,,,-00.000043800000,   6.99600,
,,,-00.000043760000,   6.99600,
,,,-00.000043720000,   6.99600,
,,,-00.000043680000,   6.99600,
,,,-00.000043640000,   6.99400,
,,,-00.000043600000,   6.99400,
,,,-00.000043560000,   6.99600,
,,,-00.000043520000,   6.99400,
,,,-00.000043480000,   6.99400,
,,,-00.000043440000,   6.99400,
,,,-00.000043400000,   6.99400,
,,,-00.000043360000,   6.99400,
,,,-00.000043320000,   6.99400,
,,,-00.000043280000,   6.99400,
,,,-00.000043240000,   6.99400,
,,,-00.000043200000,   6.99400,
,,,-00.000043160000,   6.99400,
,,,-00.000043120000,   6.99400,
,,,-00.000043080000,   6.99400,
,,,-00.000043040000,   6.99400,
,,,-00.000043000000,   6.99400,
,,,-00.000042960000,   6.99400,
,,,-00.000042920000,   6.99400,
,,,-00.000042880000,   6.99400,
,,,-00.000042840000,   6.99400,
,,,-00.000042800000,   6.99400,
,,,-00.000042760000,   6.99400,
,,,-00.000042720000,   6.99400,
,,,-00.000042680000,   6.99400,
,,,-00.000042640000,   6.99400,
,,,-00.000042600000,   6.99400,
,,,-00.000042560000,   6.99400,
,,,-00.000042520000,   6.99400,
,,,-00.000042480000,   6.99400,
,,,-00.000042440000,   6.99400,
,,,-00.000042400000,   6.99400,
,,,-00.000042360000,   6.99400,
,,,-00.000042320000,   6.99400,
,,,-00.000042280000,   6.99400,
,,,-00.000042240000,   6.99400,
,,,-00.000042200000,   6.99200,
,,,-00.000042160000,   6.99400,
,,,-00.000042120000,   6.99400,
,,,-00.000042080000,   6.99400,
,,,-00.000042040000,   6.99400,
,,,-00.000042000000,   6.99400,
,,,-00.000041960000,   6.99400,
,,,-00.000041920000,   6.99400,
,,,-00.000041880000,   6.99400,
,,,-00.000041840000,   6.99400,
,,,-00.000041800000,   6.99400,
,,,-00.000041760000,   6.99400,
,,,-00.000041720000,   6.99200,
,,,-00.000041680000,   6.99200,
,,,-00.000041640000,   6.99400,
,,,-00.000041600000,   6.99200,
,,,-00.000041560000,   6.99400,
,,,-00.000041520000,   6.99400,
,,,-00.000041480000,   6.99400,
,,,-00.000041440000,   6.99400,
,,,-00.000041400000,   6.99400,
,,,-00.000041360000,   6.99400,
,,,-00.000041320000,   6.99400,
,,,-00.000041280000,   6.99400,
,,,-00.000041240000,   6.99400,
,,,-00.000041200000,   6.99200,
,,,-00.000041160000,   6.99400,
,,,-00.000041120000,   6.99400,
,,,-00.000041080000,   6.99400,
,,,-00.000041040000,   6.99400,
,,,-00.000041000000,   6.99400,
,,,-00.000040960000,   6.99400,
,,,-00.000040920000,   6.99400,
,,,-00.000040880000,   6.99200,
,,,-00.000040840000,   6.99400,
,,,-00.000040800000,   6.99400,
,,,-00.000040760000,   6.99400,
,,,-00.000040720000,   6.99400,
,,,-00.000040680000,   6.99400,
,,,-00.000040640000,   6.99400,
,,,-00.000040600000,   6.99400,
,,,-00.000040560000,   6.99400,
,,,-00.000040520000,   6.99400,
,,,-00.000040480000,   6.99400,
,,,-00.000040440000,   6.99400,
,,,-00.000040400000,   6.99400,
,,,-00.000040360000,   6.99200,
,,,-00.000040320000,   6.99200,
,,,-00.000040280000,   6.99200,
,,,-00.000040240000,   6.99400,
,,,-00.000040200000,   6.99400,
,,,-00.000040160000,   6.99200,
,,,-00.000040120000,   6.99400,
,,,-00.000040080000,   6.99200,
,,,-00.000040040000,   6.99200,
,,,-00.000040000000,   6.99400,
,,,-00.000039960000,   6.99400,
,,,-00.000039920000,   6.99200,
,,,-00.000039880000,   6.99200,
,,,-00.000039840000,   6.99400,
,,,-00.000039800000,   6.99400,
,,,-00.000039760000,   6.99200,
,,,-00.000039720000,   6.99400,
,,,-00.000039680000,   6.99400,
,,,-00.000039640000,   6.99400,
,,,-00.000039600000,   6.99200,
,,,-00.000039560000,   6.99200,
,,,-00.000039520000,   6.99400,
,,,-00.000039480000,   6.99200,
,,,-00.000039440000,   6.99400,
,,,-00.000039400000,   6.99200,
,,,-00.000039360000,   6.99400,
,,,-00.000039320000,   6.99200,
,,,-00.000039280000,   6.99400,
,,,-00.000039240000,   6.99400,
,,,-00.000039200000,   6.99400,
,,,-00.000039160000,   6.99200,
,,,-00.000039120000,   6.99200,
,,,-00.000039080000,   6.99200,
,,,-00.000039040000,   6.99200,
,,,-00.000039000000,   6.99200,
,,,-00.000038960000,   6.99200,
,,,-00.000038920000,   6.99200,
,,,-00.000038880000,   6.99200,
,,,-00.000038840000,   6.99200,
,,,-00.000038800000,   6.99200,
,,,-00.000038760000,   6.99200,
,,,-00.000038720000,   6.99200,
,,,-00.000038680000,   6.99200,
,,,-00.000038640000,   6.99200,
,,,-00.000038600000,   6.99200,
,,,-00.000038560000,   6.99200,
,,,-00.000038520000,   6.99200,
,,,-00.000038480000,   6.99200,
,,,-00.000038440000,   6.99200,
,,,-00.000038400000,   6.99200,
,,,-00.000038360000,   6.99200,
,,,-00.000038320000,   6.99200,
,,,-00.000038280000,   6.99200,
,,,-00.000038240000,   6.99200,
,,,-00.000038200000,   6.99000,
,,,-00.000038160000,   6.99200,
,,,-00.000038120000,   6.99200,
,,,-00.000038080000,   6.99200,
,,,-00.000038040000,   6.99200,
,,,-00.000038000000,   6.99200,
,,,-00.000037960000,   6.99200,
,,,-00.000037920000,   6.99200,
,,,-00.000037880000,   6.99200,
,,,-00.000037840000,   6.99200,
,,,-00.000037800000,   6.99200,
,,,-00.000037760000,   6.99200,
,,,-00.000037720000,   6.99200,
,,,-00.000037680000,   6.99200,
,,,-00.000037640000,   6.99200,
,,,-00.000037600000,   6.99200,
,,,-00.000037560000,   6.99200,
,,,-00.000037520000,   6.99200,
,,,-00.000037480000,   6.99200,
,,,-00.000037440000,   6.99200,
,,,-00.000037400000,   6.99200,
,,,-00.000037360000,   6.99200,
,,,-00.000037320000,   6.99200,
,,,-00.000037280000,   6.99200,
,,,-00.000037240000,   6.99200,
,,,-00.000037200000,   6.99200,
,,,-00.000037160000,   6.99200,
,,,-00.000037120000,   6.99200,
,,,-00.000037080000,   6.99200,
,,,-00.000037040000,   6.99200,
,,,-00.000037000000,   6.99200,
,,,-00.000036960000,   6.99200,
,,,-00.000036920000,   6.99200,
,,,-00.000036880000,   6.99200,
,,,-00.000036840000,   6.99200,
,,,-00.000036800000,   6.99200,
,,,-00.000036760000,   6.99200,
,,,-00.000036720000,   6.99200,
,,,-00.000036680000,   6.99200,
,,,-00.000036640000,   6.99200,
,,,-00.000036600000,   6.99200,
,,,-00.000036560000,   6.99200,
,,,-00.000036520000,   6.99200,
,,,-00.000036480000,   6.99200,
,,,-00.000036440000,   6.99200,
,,,-00.000036400000,   6.99200,
,,,-00.000036360000,   6.99200,
,,,-00.000036320000,   6.99200,
,,,-00.000036280000,   6.99200,
,,,-00.000036240000,   6.99200,
,,,-00.000036200000,   6.99200,
,,,-00.000036160000,   6.99200,
,,,-00.000036120000,   6.99200,
,,,-00.000036080000,   6.99200,
,,,-00.000036040000,   6.99000,
,,,-00.000036000000,   6.99200,
,,,-00.000035960000,   6.99200,
,,,-00.000035920000,   6.99200,
,,,-00.000035880000,   6.99200,
,,,-00.000035840000,   6.99200,
,,,-00.000035800000,   6.99000,
,,,-00.000035760000,   6.99200,
,,,-00.000035720000,   6.99200,
,,,-00.000035680000,   6.99200,
,,,-00.000035640000,   6.99000,
,,,-00.000035600000,   6.99000,
,,,-00.000035560000,   6.99000,
,,,-00.000035520000,   6.99200,
,,,-00.000035480000,   6.99200,
,,,-00.000035440000,   6.99000,
,,,-00.000035400000,   6.99000,
,,,-00.000035360000,   6.99200,
,,,-00.000035320000,   6.99200,
,,,-00.000035280000,   6.99000,
,,,-00.000035240000,   6.99000,
,,,-00.000035200000,   6.99000,
,,,-00.000035160000,   6.99000,
,,,-00.000035120000,   6.99200,
,,,-00.000035080000,   6.99200,
,,,-00.000035040000,   6.99000,
,,,-00.000035000000,   6.99200,
,,,-00.000034960000,   6.99200,
,,,-00.000034920000,   6.99000,
,,,-00.000034880000,   6.99000,
,,,-00.000034840000,   6.99200,
,,,-00.000034800000,   6.99200,
,,,-00.000034760000,   6.99000,
,,,-00.000034720000,   6.99000,
,,,-00.000034680000,   6.99200,
,,,-00.000034640000,   6.99000,
,,,-00.000034600000,   6.99200,
,,,-00.000034560000,   6.99000,
,,,-00.000034520000,   6.99000,
,,,-00.000034480000,   6.99200,
,,,-00.000034440000,   6.99000,
,,,-00.000034400000,   6.99000,
,,,-00.000034360000,   6.99000,
,,,-00.000034320000,   6.99200,
,,,-00.000034280000,   6.99200,
,,,-00.000034240000,   6.99200,
,,,-00.000034200000,   6.99000,
,,,-00.000034160000,   6.99000,
,,,-00.000034120000,   6.99200,
,,,-00.000034080000,   6.99200,
,,,-00.000034040000,   6.99000,
,,,-00.000034000000,   6.99200,
,,,-00.000033960000,   6.99000,
,,,-00.000033920000,   6.99000,
,,,-00.000033880000,   6.99000,
,,,-00.000033840000,   6.99000,
,,,-00.000033800000,   6.99000,
,,,-00.000033760000,   6.99000,
,,,-00.000033720000,   6.99000,
,,,-00.000033680000,   6.99000,
,,,-00.000033640000,   6.99000,
,,,-00.000033600000,   6.99200,
,,,-00.000033560000,   6.99000,
,,,-00.000033520000,   6.99200,
,,,-00.000033480000,   6.99000,
,,,-00.000033440000,   6.99200,
,,,-00.000033400000,   6.99000,
,,,-00.000033360000,   6.99000,
,,,-00.000033320000,   6.99000,
,,,-00.000033280000,   6.99000,
,,,-00.000033240000,   6.99200,
,,,-00.000033200000,   6.99000,
,,,-00.000033160000,   6.99000,
,,,-00.000033120000,   6.99200,
,,,-00.000033080000,   6.99000,
,,,-00.000033040000,   6.99000,
,,,-00.000033000000,   6.99000,
,,,-00.000032960000,   6.99200,
,,,-00.000032920000,   6.99000,
,,,-00.000032880000,   6.99000,
,,,-00.000032840000,   6.99000,
,,,-00.000032800000,   6.99000,
,,,-00.000032760000,   6.99000,
,,,-00.000032720000,   6.99000,
,,,-00.000032680000,   6.99000,
,,,-00.000032640000,   6.99000,
,,,-00.000032600000,   6.99000,
,,,-00.000032560000,   6.99000,
,,,-00.000032520000,   6.99200,
,,,-00.000032480000,   6.99200,
,,,-00.000032440000,   6.99200,
,,,-00.000032400000,   6.99000,
,,,-00.000032360000,   6.99000,
,,,-00.000032320000,   6.99200,
,,,-00.000032280000,   6.99000,
,,,-00.000032240000,   6.99000,
,,,-00.000032200000,   6.99200,
,,,-00.000032160000,   6.99200,
,,,-00.000032120000,   6.99200,
,,,-00.000032080000,   6.99200,
,,,-00.000032040000,   6.99200,
,,,-00.000032000000,   6.99200,
,,,-00.000031960000,   6.99200,
,,,-00.000031920000,   6.99200,
,,,-00.000031880000,   6.99200,
,,,-00.000031840000,   6.99200,
,,,-00.000031800000,   6.99200,
,,,-00.000031760000,   6.99000,
,,,-00.000031720000,   6.99000,
,,,-00.000031680000,   6.99000,
,,,-00.000031640000,   6.99000,
,,,-00.000031600000,   6.99000,
,,,-00.000031560000,   6.99000,
,,,-00.000031520000,   6.99000,
,,,-00.000031480000,   6.99000,
,,,-00.000031440000,   6.99000,
,,,-00.000031400000,   6.99000,
,,,-00.000031360000,   6.99000,
,,,-00.000031320000,   6.99000,
,,,-00.000031280000,   6.99000,
,,,-00.000031240000,   6.99000,
,,,-00.000031200000,   6.99000,
,,,-00.000031160000,   6.99000,
,,,-00.000031120000,   6.99000,
,,,-00.000031080000,   6.99000,
,,,-00.000031040000,   6.99000,
,,,-00.000031000000,   6.99000,
,,,-00.000030960000,   6.99000,
,,,-00.000030920000,   6.99000,
,,,-00.000030880000,   6.99000,
,,,-00.000030840000,   6.99000,
,,,-00.000030800000,   6.99000,
,,,-00.000030760000,   6.99000,
,,,-00.000030720000,   6.99000,
,,,-00.000030680000,   6.99000,
,,,-00.000030640000,   6.99000,
,,,-00.000030600000,   6.99000,
,,,-00.000030560000,   6.99000,
,,,-00.000030520000,   6.99000,
,,,-00.000030480000,   6.99000,
,,,-00.000030440000,   6.99000,
,,,-00.000030400000,   6.99000,
,,,-00.000030360000,   6.99000,
,,,-00.000030320000,   6.99000,
,,,-00.000030280000,   6.99000,
,,,-00.000030240000,   6.99000,
,,,-00.000030200000,   6.99000,
,,,-00.000030160000,   6.99000,
,,,-00.000030120000,   6.99000,
,,,-00.000030080000,   6.99000,
,,,-00.000030040000,   6.99000,
,,,-00.000030000000,   6.99000,
,,,-00.000029960000,   6.99000,
,,,-00.000029920000,   6.99000,
,,,-00.000029880000,   6.99000,
,,,-00.000029840000,   6.99000,
,,,-00.000029800000,   6.99000,
,,,-00.000029760000,   6.99000,
,,,-00.000029720000,   6.99000,
,,,-00.000029680000,   6.99000,
,,,-00.000029640000,   6.99000,
,,,-00.000029600000,   6.99000,
,,,-00.000029560000,   6.99000,
,,,-00.000029520000,   6.98800,
,,,-00.000029480000,   6.99000,
,,,-00.000029440000,   6.99000,
,,,-00.000029400000,   6.99000,
,,,-00.000029360000,   6.99000,
,,,-00.000029320000,   6.99000,
,,,-00.000029280000,   6.98800,
,,,-00.000029240000,   6.99000,
,,,-00.000029200000,   6.99000,
,,,-00.000029160000,   6.99000,
,,,-00.000029120000,   6.99000,
,,,-00.000029080000,   6.98800,
,,,-00.000029040000,   6.99000,
,,,-00.000029000000,   6.98800,
,,,-00.000028960000,   6.99000,
,,,-00.000028920000,   6.99000,
,,,-00.000028880000,   6.99000,
,,,-00.000028840000,   6.99000,
,,,-00.000028800000,   6.99000,
,,,-00.000028760000,   6.98800,
,,,-00.000028720000,   6.99000,
,,,-00.000028680000,   6.99000,
,,,-00.000028640000,   6.99000,
,,,-00.000028600000,   6.99000,
,,,-00.000028560000,   6.99000,
,,,-00.000028520000,   6.98800,
,,,-00.000028480000,   6.99000,
,,,-00.000028440000,   6.98800,
,,,-00.000028400000,   6.99000,
,,,-00.000028360000,   6.99000,
,,,-00.000028320000,   6.98800,
,,,-00.000028280000,   6.99000,
,,,-00.000028240000,   6.99000,
,,,-00.000028200000,   6.99000,
,,,-00.000028160000,   6.99000,
,,,-00.000028120000,   6.99000,
,,,-00.000028080000,   6.99000,
,,,-00.000028040000,   6.98800,
,,,-00.000028000000,   6.99000,
,,,-00.000027960000,   6.99000,
,,,-00.000027920000,   6.99000,
,,,-00.000027880000,   6.99000,
,,,-00.000027840000,   6.99000,
,,,-00.000027800000,   6.99000,
,,,-00.000027760000,   6.99000,
,,,-00.000027720000,   6.99000,
,,,-00.000027680000,   6.99000,
,,,-00.000027640000,   6.99000,
,,,-00.000027600000,   6.98800,
,,,-00.000027560000,   6.98800,
,,,-00.000027520000,   6.99000,
,,,-00.000027480000,   6.98800,
,,,-00.000027440000,   6.98800,
,,,-00.000027400000,   6.99000,
,,,-00.000027360000,   6.98800,
,,,-00.000027320000,   6.99000,
,,,-00.000027280000,   6.98800,
,,,-00.000027240000,   6.98800,
,,,-00.000027200000,   6.99000,
,,,-00.000027160000,   6.99000,
,,,-00.000027120000,   6.99000,
,,,-00.000027080000,   6.99000,
,,,-00.000027040000,   6.98800,
,,,-00.000027000000,   6.98800,
,,,-00.000026960000,   6.98800,
,,,-00.000026920000,   6.98800,
,,,-00.000026880000,   6.98800,
,,,-00.000026840000,   6.98800,
,,,-00.000026800000,   6.98800,
,,,-00.000026760000,   6.98800,
,,,-00.000026720000,   6.98800,
,,,-00.000026680000,   6.98800,
,,,-00.000026640000,   6.98800,
,,,-00.000026600000,   6.98800,
,,,-00.000026560000,   6.98800,
,,,-00.000026520000,   6.98800,
,,,-00.000026480000,   6.98800,
,,,-00.000026440000,   6.98800,
,,,-00.000026400000,   6.98800,
,,,-00.000026360000,   6.99000,
,,,-00.000026320000,   6.99000,
,,,-00.000026280000,   6.98800,
,,,-00.000026240000,   6.99000,
,,,-00.000026200000,   6.98800,
,,,-00.000026160000,   6.98800,
,,,-00.000026120000,   6.98800,
,,,-00.000026080000,   6.99000,
,,,-00.000026040000,   6.98800,
,,,-00.000026000000,   6.98800,
,,,-00.000025960000,   6.98800,
,,,-00.000025920000,   6.99000,
,,,-00.000025880000,   6.98800,
,,,-00.000025840000,   6.99000,
,,,-00.000025800000,   6.98800,
,,,-00.000025760000,   6.98800,
,,,-00.000025720000,   6.99000,
,,,-00.000025680000,   6.98800,
,,,-00.000025640000,   6.99000,
,,,-00.000025600000,   6.98800,
,,,-00.000025560000,   6.98800,
,,,-00.000025520000,   6.98800,
,,,-00.000025480000,   6.98800,
,,,-00.000025440000,   6.98800,
,,,-00.000025400000,   6.98800,
,,,-00.000025360000,   6.98800,
,,,-00.000025320000,   6.98800,
,,,-00.000025280000,   6.98800,
,,,-00.000025240000,   6.98800,
,,,-00.000025200000,   6.98800,
,,,-00.000025160000,   6.98800,
,,,-00.000025120000,   6.98800,
,,,-00.000025080000,   6.98800,
,,,-00.000025040000,   6.98800,
,,,-00.000025000000,   6.98800,
,,,-00.000024960000,   6.98800,
,,,-00.000024920000,   6.98800,
,,,-00.000024880000,   6.98800,
,,,-00.000024840000,   6.98800,
,,,-00.000024800000,   6.98800,
,,,-00.000024760000,   6.98800,
,,,-00.000024720000,   6.98600,
,,,-00.000024680000,   6.98800,
,,,-00.000024640000,   6.98600,
,,,-00.000024600000,   6.98600,
,,,-00.000024560000,   6.98800,
,,,-00.000024520000,   6.98600,
,,,-00.000024480000,   6.98600,
,,,-00.000024440000,   6.98600,
,,,-00.000024400000,   6.98800,
,,,-00.000024360000,   6.98800,
,,,-00.000024320000,   6.98600,
,,,-00.000024280000,   6.98800,
,,,-00.000024240000,   6.98800,
,,,-00.000024200000,   6.98800,
,,,-00.000024160000,   6.98800,
,,,-00.000024120000,   6.98800,
,,,-00.000024080000,   6.98600,
,,,-00.000024040000,   6.98800,
,,,-00.000024000000,   6.98800,
,,,-00.000023960000,   6.98800,
,,,-00.000023920000,   6.98800,
,,,-00.000023880000,   6.98600,
,,,-00.000023840000,   6.98600,
,,,-00.000023800000,   6.98800,
,,,-00.000023760000,   6.98800,
,,,-00.000023720000,   6.98800,
,,,-00.000023680000,   6.98800,
,,,-00.000023640000,   6.98600,
,,,-00.000023600000,   6.98800,
,,,-00.000023560000,   6.98600,
,,,-00.000023520000,   6.98600,
,,,-00.000023480000,   6.98800,
,,,-00.000023440000,   6.98600,
,,,-00.000023400000,   6.98600,
,,,-00.000023360000,   6.98800,
,,,-00.000023320000,   6.98800,
,,,-00.000023280000,   6.98600,
,,,-00.000023240000,   6.98600,
,,,-00.000023200000,   6.98600,
,,,-00.000023160000,   6.98600,
,,,-00.000023120000,   6.98600,
,,,-00.000023080000,   6.98600,
,,,-00.000023040000,   6.98600,
,,,-00.000023000000,   6.98600,
,,,-00.000022960000,   6.98600,
,,,-00.000022920000,   6.98600,
,,,-00.000022880000,   6.98800,
,,,-00.000022840000,   6.98800,
,,,-00.000022800000,   6.98600,
,,,-00.000022760000,   6.98600,
,,,-00.000022720000,   6.98600,
,,,-00.000022680000,   6.98600,
,,,-00.000022640000,   6.98600,
,,,-00.000022600000,   6.98800,
,,,-00.000022560000,   6.98600,
,,,-00.000022520000,   6.98600,
,,,-00.000022480000,   6.98600,
,,,-00.000022440000,   6.98600,
,,,-00.000022400000,   6.98600,
,,,-00.000022360000,   6.98600,
,,,-00.000022320000,   6.98600,
,,,-00.000022280000,   6.98600,
,,,-00.000022240000,   6.98600,
,,,-00.000022200000,   6.98600,
,,,-00.000022160000,   6.98600,
,,,-00.000022120000,   6.98600,
,,,-00.000022080000,   6.98600,
,,,-00.000022040000,   6.98600,
,,,-00.000022000000,   6.98600,
,,,-00.000021960000,   6.98600,
,,,-00.000021920000,   6.98600,
,,,-00.000021880000,   6.98600,
,,,-00.000021840000,   6.98600,
,,,-00.000021800000,   6.98600,
,,,-00.000021760000,   6.98600,
,,,-00.000021720000,   6.98600,
,,,-00.000021680000,   6.98600,
,,,-00.000021640000,   6.98600,
,,,-00.000021600000,   6.98600,
,,,-00.000021560000,   6.98600,
,,,-00.000021520000,   6.98600,
,,,-00.000021480000,   6.98600,
,,,-00.000021440000,   6.98600,
,,,-00.000021400000,   6.98600,
,,,-00.000021360000,   6.98600,
,,,-00.000021320000,   6.98600,
,,,-00.000021280000,   6.98800,
,,,-00.000021240000,   6.98600,
,,,-00.000021200000,   6.98600,
,,,-00.000021160000,   6.98600,
,,,-00.000021120000,   6.98600,
,,,-00.000021080000,   6.98600,
,,,-00.000021040000,   6.98600,
,,,-00.000021000000,   6.98600,
,,,-00.000020960000,   6.98600,
,,,-00.000020920000,   6.98600,
,,,-00.000020880000,   6.98600,
,,,-00.000020840000,   6.98600,
,,,-00.000020800000,   6.98600,
,,,-00.000020760000,   6.98600,
,,,-00.000020720000,   6.98600,
,,,-00.000020680000,   6.98400,
,,,-00.000020640000,   6.98800,
,,,-00.000020600000,   6.98800,
,,,-00.000020560000,   6.98600,
,,,-00.000020520000,   6.98600,
,,,-00.000020480000,   6.98600,
,,,-00.000020440000,   6.98600,
,,,-00.000020400000,   6.98600,
,,,-00.000020360000,   6.98600,
,,,-00.000020320000,   6.98600,
,,,-00.000020280000,   6.98600,
,,,-00.000020240000,   6.98600,
,,,-00.000020200000,   6.98600,
,,,-00.000020160000,   6.98800,
,,,-00.000020120000,   6.98600,
,,,-00.000020080000,   6.98600,
,,,-00.000020040000,   6.98600,
,,,-00.000020000000,   6.98600,
,,,-00.000019960000,   6.98600,
,,,-00.000019920000,   6.98600,
,,,-00.000019880000,   6.98600,
,,,-00.000019840000,   6.98600,
,,,-00.000019800000,   6.98600,
,,,-00.000019760000,   6.98600,
,,,-00.000019720000,   6.98600,
,,,-00.000019680000,   6.98600,
,,,-00.000019640000,   6.98600,
,,,-00.000019600000,   6.98600,
,,,-00.000019560000,   6.98600,
,,,-00.000019520000,   6.98600,
,,,-00.000019480000,   6.98600,
,,,-00.000019440000,   6.98600,
,,,-00.000019400000,   6.98600,
,,,-00.000019360000,   6.98600,
,,,-00.000019320000,   6.98600,
,,,-00.000019280000,   6.98600,
,,,-00.000019240000,   6.98400,
,,,-00.000019200000,   6.98600,
,,,-00.000019160000,   6.98600,
,,,-00.000019120000,   6.98600,
,,,-00.000019080000,   6.98600,
,,,-00.000019040000,   6.98600,
,,,-00.000019000000,   6.98600,
,,,-00.000018960000,   6.98600,
,,,-00.000018920000,   6.98400,
,,,-00.000018880000,   6.98600,
,,,-00.000018840000,   6.98600,
,,,-00.000018800000,   6.98600,
,,,-00.000018760000,   6.98600,
,,,-00.000018720000,   6.98600,
,,,-00.000018680000,   6.98600,
,,,-00.000018640000,   6.98600,
,,,-00.000018600000,   6.98600,
,,,-00.000018560000,   6.98600,
,,,-00.000018520000,   6.98600,
,,,-00.000018480000,   6.98600,
,,,-00.000018440000,   6.98600,
,,,-00.000018400000,   6.98600,
,,,-00.000018360000,   6.98400,
,,,-00.000018320000,   6.98600,
,,,-00.000018280000,   6.98600,
,,,-00.000018240000,   6.98600,
,,,-00.000018200000,   6.98600,
,,,-00.000018160000,   6.98600,
,,,-00.000018120000,   6.98600,
,,,-00.000018080000,   6.98600,
,,,-00.000018040000,   6.98600,
,,,-00.000018000000,   6.98600,
,,,-00.000017960000,   6.98400,
,,,-00.000017920000,   6.98600,
,,,-00.000017880000,   6.98400,
,,,-00.000017840000,   6.98400,
,,,-00.000017800000,   6.98400,
,,,-00.000017760000,   6.98600,
,,,-00.000017720000,   6.98400,
,,,-00.000017680000,   6.98600,
,,,-00.000017640000,   6.98600,
,,,-00.000017600000,   6.98400,
,,,-00.000017560000,   6.98600,
,,,-00.000017520000,   6.98600,
,,,-00.000017480000,   6.98600,
,,,-00.000017440000,   6.98400,
,,,-00.000017400000,   6.98600,
,,,-00.000017360000,   6.98600,
,,,-00.000017320000,   6.98400,
,,,-00.000017280000,   6.98400,
,,,-00.000017240000,   6.98600,
,,,-00.000017200000,   6.98600,
,,,-00.000017160000,   6.98600,
,,,-00.000017120000,   6.98600,
,,,-00.000017080000,   6.98400,
,,,-00.000017040000,   6.98400,
,,,-00.000017000000,   6.98600,
,,,-00.000016960000,   6.98400,
,,,-00.000016920000,   6.98600,
,,,-00.000016880000,   6.98600,
,,,-00.000016840000,   6.98600,
,,,-00.000016800000,   6.98600,
,,,-00.000016760000,   6.98600,
,,,-00.000016720000,   6.98400,
,,,-00.000016680000,   6.98400,
,,,-00.000016640000,   6.98600,
,,,-00.000016600000,   6.98400,
,,,-00.000016560000,   6.98600,
,,,-00.000016520000,   6.98400,
,,,-00.000016480000,   6.98600,
,,,-00.000016440000,   6.98600,
,,,-00.000016400000,   6.98600,
,,,-00.000016360000,   6.98400,
,,,-00.000016320000,   6.98400,
,,,-00.000016280000,   6.98600,
,,,-00.000016240000,   6.98400,
,,,-00.000016200000,   6.98400,
,,,-00.000016160000,   6.98600,
,,,-00.000016120000,   6.98600,
,,,-00.000016080000,   6.98400,
,,,-00.000016040000,   6.98600,
,,,-00.000016000000,   6.98600,
,,,-00.000015960000,   6.98600,
,,,-00.000015920000,   6.98600,
,,,-00.000015880000,   6.98600,
,,,-00.000015840000,   6.98400,
,,,-00.000015800000,   6.98400,
,,,-00.000015760000,   6.98600,
,,,-00.000015720000,   6.98400,
,,,-00.000015680000,   6.98400,
,,,-00.000015640000,   6.98400,
,,,-00.000015600000,   6.98600,
,,,-00.000015560000,   6.98400,
,,,-00.000015520000,   6.98400,
,,,-00.000015480000,   6.98600,
,,,-00.000015440000,   6.98600,
,,,-00.000015400000,   6.98400,
,,,-00.000015360000,   6.98400,
,,,-00.000015320000,   6.98400,
,,,-00.000015280000,   6.98400,
,,,-00.000015240000,   6.98600,
,,,-00.000015200000,   6.98600,
,,,-00.000015160000,   6.98600,
,,,-00.000015120000,   6.98400,
,,,-00.000015080000,   6.98400,
,,,-00.000015040000,   6.98400,
,,,-00.000015000000,   6.98400,
,,,-00.000014960000,   6.98400,
,,,-00.000014920000,   6.98400,
,,,-00.000014880000,   6.98400,
,,,-00.000014840000,   6.98400,
,,,-00.000014800000,   6.98400,
,,,-00.000014760000,   6.98400,
,,,-00.000014720000,   6.98400,
,,,-00.000014680000,   6.98400,
,,,-00.000014640000,   6.98400,
,,,-00.000014600000,   6.98400,
,,,-00.000014560000,   6.98400,
,,,-00.000014520000,   6.98400,
,,,-00.000014480000,   6.98400,
,,,-00.000014440000,   6.98400,
,,,-00.000014400000,   6.98400,
,,,-00.000014360000,   6.98600,
,,,-00.000014320000,   6.98600,
,,,-00.000014280000,   6.98400,
,,,-00.000014240000,   6.98400,
,,,-00.000014200000,   6.98400,
,,,-00.000014160000,   6.98400,
,,,-00.000014120000,   6.98400,
,,,-00.000014080000,   6.98600,
,,,-00.000014040000,   6.98600,
,,,-00.000014000000,   6.98600,
,,,-00.000013960000,   6.98600,
,,,-00.000013920000,   6.98400,
,,,-00.000013880000,   6.98400,
,,,-00.000013840000,   6.98400,
,,,-00.000013800000,   6.98400,
,,,-00.000013760000,   6.98400,
,,,-00.000013720000,   6.98400,
,,,-00.000013680000,   6.98400,
,,,-00.000013640000,   6.98400,
,,,-00.000013600000,   6.98400,
,,,-00.000013560000,   6.98400,
,,,-00.000013520000,   6.98400,
,,,-00.000013480000,   6.98400,
,,,-00.000013440000,   6.98400,
,,,-00.000013400000,   6.98400,
,,,-00.000013360000,   6.98400,
,,,-00.000013320000,   6.98400,
,,,-00.000013280000,   6.98400,
,,,-00.000013240000,   6.98400,
,,,-00.000013200000,   6.98400,
,,,-00.000013160000,   6.98400,
,,,-00.000013120000,   6.98400,
,,,-00.000013080000,   6.98400,
,,,-00.000013040000,   6.98400,
,,,-00.000013000000,   6.98400,
,,,-00.000012960000,   6.98400,
,,,-00.000012920000,   6.98400,
,,,-00.000012880000,   6.98400,
,,,-00.000012840000,   6.98400,
,,,-00.000012800000,   6.98400,
,,,-00.000012760000,   6.98400,
,,,-00.000012720000,   6.98400,
,,,-00.000012680000,   6.98400,
,,,-00.000012640000,   6.98400,
,,,-00.000012600000,   6.98400,
,,,-00.000012560000,   6.98400,
,,,-00.000012520000,   6.98400,
,,,-00.000012480000,   6.98400,
,,,-00.000012440000,   6.98400,
,,,-00.000012400000,   6.98400,
,,,-00.000012360000,   6.98400,
,,,-00.000012320000,   6.98400,
,,,-00.000012280000,   6.98400,
,,,-00.000012240000,   6.98400,
,,,-00.000012200000,   6.98400,
,,,-00.000012160000,   6.98400,
,,,-00.000012120000,   6.98400,
,,,-00.000012080000,   6.98400,
,,,-00.000012040000,   6.98400,
,,,-00.000012000000,   6.98400,
,,,-00.000011960000,   6.98400,
,,,-00.000011920000,   6.98400,
,,,-00.000011880000,   6.98400,
,,,-00.000011840000,   6.98400,
,,,-00.000011800000,   6.98400,
,,,-00.000011760000,   6.98400,
,,,-00.000011720000,   6.98400,
,,,-00.000011680000,   6.98400,
,,,-00.000011640000,   6.98400,
,,,-00.000011600000,   6.98400,
,,,-00.000011560000,   6.98400,
,,,-00.000011520000,   6.98400,
,,,-00.000011480000,   6.98400,
,,,-00.000011440000,   6.98400,
,,,-00.000011400000,   6.98200,
,,,-00.000011360000,   6.98200,
,,,-00.000011320000,   6.98400,
,,,-00.000011280000,   6.98400,
,,,-00.000011240000,   6.98400,
,,,-00.000011200000,   6.98400,
,,,-00.000011160000,   6.98200,
,,,-00.000011120000,   6.98400,
,,,-00.000011080000,   6.98400,
,,,-00.000011040000,   6.98400,
,,,-00.000011000000,   6.98400,
,,,-00.000010960000,   6.98400,
,,,-00.000010920000,   6.98400,
,,,-00.000010880000,   6.98400,
,,,-00.000010840000,   6.98400,
,,,-00.000010800000,   6.98400,
,,,-00.000010760000,   6.98400,
,,,-00.000010720000,   6.98400,
,,,-00.000010680000,   6.98400,
,,,-00.000010640000,   6.98400,
,,,-00.000010600000,   6.98400,
,,,-00.000010560000,   6.98400,
,,,-00.000010520000,   6.98200,
,,,-00.000010480000,   6.98400,
,,,-00.000010440000,   6.98200,
,,,-00.000010400000,   6.98400,
,,,-00.000010360000,   6.98400,
,,,-00.000010320000,   6.98200,
,,,-00.000010280000,   6.98200,
,,,-00.000010240000,   6.98400,
,,,-00.000010200000,   6.98200,
,,,-00.000010160000,   6.98400,
,,,-00.000010120000,   6.98400,
,,,-00.000010080000,   6.98400,
,,,-00.000010040000,   6.98400,
,,,-00.000010000000,   6.98400,
,,,-00.000009960000,   6.98400,
,,,-00.000009920000,   6.98400,
,,,-00.000009880000,   6.98200,
,,,-00.000009840000,   6.98200,
,,,-00.000009800000,   6.98400,
,,,-00.000009760000,   6.98200,
,,,-00.000009720000,   6.98400,
,,,-00.000009680000,   6.98400,
,,,-00.000009640000,   6.98400,
,,,-00.000009600000,   6.98400,
,,,-00.000009560000,   6.98200,
,,,-00.000009520000,   6.98200,
,,,-00.000009480000,   6.98400,
,,,-00.000009440000,   6.98400,
,,,-00.000009400000,   6.98200,
,,,-00.000009360000,   6.98400,
,,,-00.000009320000,   6.98200,
,,,-00.000009280000,   6.98200,
,,,-00.000009240000,   6.98200,
,,,-00.000009200000,   6.98200,
,,,-00.000009160000,   6.98200,
,,,-00.000009120000,   6.98200,
,,,-00.000009080000,   6.98400,
,,,-00.000009040000,   6.98400,
,,,-00.000009000000,   6.98200,
,,,-00.000008960000,   6.98400,
,,,-00.000008920000,   6.98200,
,,,-00.000008880000,   6.98200,
,,,-00.000008840000,   6.98200,
,,,-00.000008800000,   6.98200,
,,,-00.000008760000,   6.98400,
,,,-00.000008720000,   6.98400,
,,,-00.000008680000,   6.98400,
,,,-00.000008640000,   6.98400,
,,,-00.000008600000,   6.98200,
,,,-00.000008560000,   6.98200,
,,,-00.000008520000,   6.98200,
,,,-00.000008480000,   6.98200,
,,,-00.000008440000,   6.98200,
,,,-00.000008400000,   6.98200,
,,,-00.000008360000,   6.98400,
,,,-00.000008320000,   6.98400,
,,,-00.000008280000,   6.98400,
,,,-00.000008240000,   6.98400,
,,,-00.000008200000,   6.98400,
,,,-00.000008160000,   6.98400,
,,,-00.000008120000,   6.98400,
,,,-00.000008080000,   6.98400,
,,,-00.000008040000,   6.98400,
,,,-00.000008000000,   6.98200,
,,,-00.000007960000,   6.98400,
,,,-00.000007920000,   6.98400,
,,,-00.000007880000,   6.98400,
,,,-00.000007840000,   6.98400,
,,,-00.000007800000,   6.98200,
,,,-00.000007760000,   6.98200,
,,,-00.000007720000,   6.98200,
,,,-00.000007680000,   6.98200,
,,,-00.000007640000,   6.98200,
,,,-00.000007600000,   6.98200,
,,,-00.000007560000,   6.98200,
,,,-00.000007520000,   6.98200,
,,,-00.000007480000,   6.98200,
,,,-00.000007440000,   6.98200,
,,,-00.000007400000,   6.98200,
,,,-00.000007360000,   6.98200,
,,,-00.000007320000,   6.98200,
,,,-00.000007280000,   6.98200,
,,,-00.000007240000,   6.98200,
,,,-00.000007200000,   6.98200,
,,,-00.000007160000,   6.98400,
,,,-00.000007120000,   6.98200,
,,,-00.000007080000,   6.98200,
,,,-00.000007040000,   6.98200,
,,,-00.000007000000,   6.98200,
,,,-00.000006960000,   6.98200,
,,,-00.000006920000,   6.98200,
,,,-00.000006880000,   6.98200,
,,,-00.000006840000,   6.98200,
,,,-00.000006800000,   6.98200,
,,,-00.000006760000,   6.98200,
,,,-00.000006720000,   6.98200,
,,,-00.000006680000,   6.98200,
,,,-00.000006640000,   6.98200,
,,,-00.000006600000,   6.98200,
,,,-00.000006560000,   6.98200,
,,,-00.000006520000,   6.98200,
,,,-00.000006480000,   6.98200,
,,,-00.000006440000,   6.98200,
,,,-00.000006400000,   6.98200,
,,,-00.000006360000,   6.98200,
,,,-00.000006320000,   6.98200,
,,,-00.000006280000,   6.98200,
,,,-00.000006240000,   6.98200,
,,,-00.000006200000,   6.98200,
,,,-00.000006160000,   6.98200,
,,,-00.000006120000,   6.98200,
,,,-00.000006080000,   6.98200,
,,,-00.000006040000,   6.98200,
,,,-00.000006000000,   6.98000,
,,,-00.000005960000,   6.98200,
,,,-00.000005920000,   6.98000,
,,,-00.000005880000,   6.98200,
,,,-00.000005840000,   6.98200,
,,,-00.000005800000,   6.98200,
,,,-00.000005760000,   6.98000,
,,,-00.000005720000,   6.98200,
,,,-00.000005680000,   6.98200,
,,,-00.000005640000,   6.98200,
,,,-00.000005600000,   6.98200,
,,,-00.000005560000,   6.98200,
,,,-00.000005520000,   6.98200,
,,,-00.000005480000,   6.98200,
,,,-00.000005440000,   6.98200,
,,,-00.000005400000,   6.98200,
,,,-00.000005360000,   6.98200,
,,,-00.000005320000,   6.98200,
,,,-00.000005280000,   6.98200,
,,,-00.000005240000,   6.98200,
,,,-00.000005200000,   6.98200,
,,,-00.000005160000,   6.98200,
,,,-00.000005120000,   6.98200,
,,,-00.000005080000,   6.98200,
,,,-00.000005040000,   6.98200,
,,,-00.000005000000,   6.98200,
,,,-00.000004960000,   6.98200,
,,,-00.000004920000,   6.98200,
,,,-00.000004880000,   6.98000,
,,,-00.000004840000,   6.98200,
,,,-00.000004800000,   6.98200,
,,,-00.000004760000,   6.98200,
,,,-00.000004720000,   6.98200,
,,,-00.000004680000,   6.98200,
,,,-00.000004640000,   6.98200,
,,,-00.000004600000,   6.98200,
,,,-00.000004560000,   6.98200,
,,,-00.000004520000,   6.98200,
,,,-00.000004480000,   6.98200,
,,,-00.000004440000,   6.98200,
,,,-00.000004400000,   6.98200,
,,,-00.000004360000,   6.98200,
,,,-00.000004320000,   6.98200,
,,,-00.000004280000,   6.98200,
,,,-00.000004240000,   6.98200,
,,,-00.000004200000,   6.98200,
,,,-00.000004160000,   6.98200,
,,,-00.000004120000,   6.98200,
,,,-00.000004080000,   6.98200,
,,,-00.000004040000,   6.98200,
,,,-00.000004000000,   6.98200,
,,,-00.000003960000,   6.98200,
,,,-00.000003920000,   6.98200,
,,,-00.000003880000,   6.98200,
,,,-00.000003840000,   6.98200,
,,,-00.000003800000,   6.98200,
,,,-00.000003760000,   6.98200,
,,,-00.000003720000,   6.98200,
,,,-00.000003680000,   6.98200,
,,,-00.000003640000,   6.98200,
,,,-00.000003600000,   6.98200,
,,,-00.000003560000,   6.98400,
,,,-00.000003520000,   6.98200,
,,,-00.000003480000,   6.98200,
,,,-00.000003440000,   6.98200,
,,,-00.000003400000,   6.98200,
,,,-00.000003360000,   6.98200,
,,,-00.000003320000,   6.98200,
,,,-00.000003280000,   6.98200,
,,,-00.000003240000,   6.98200,
,,,-00.000003200000,   6.98200,
,,,-00.000003160000,   6.98200,
,,,-00.000003120000,   6.98200,
,,,-00.000003080000,   6.98200,
,,,-00.000003040000,   6.98200,
,,,-00.000003000000,   6.98200,
,,,-00.000002960000,   6.98200,
,,,-00.000002920000,   6.98200,
,,,-00.000002880000,   6.98200,
,,,-00.000002840000,   6.98200,
,,,-00.000002800000,   6.98200,
,,,-00.000002760000,   6.98200,
,,,-00.000002720000,   6.98200,
,,,-00.000002680000,   6.98200,
,,,-00.000002640000,   6.98200,
,,,-00.000002600000,   6.98200,
,,,-00.000002560000,   6.98200,
,,,-00.000002520000,   6.98200,
,,,-00.000002480000,   6.98200,
,,,-00.000002440000,   6.98200,
,,,-00.000002400000,   6.98200,
,,,-00.000002360000,   6.98200,
,,,-00.000002320000,   6.98200,
,,,-00.000002280000,   6.98200,
,,,-00.000002240000,   6.98200,
,,,-00.000002200000,   6.98200,
,,,-00.000002160000,   6.98200,
,,,-00.000002120000,   6.98200,
,,,-00.000002080000,   6.98200,
,,,-00.000002040000,   6.98200,
,,,-00.000002000000,   6.98200,
,,,-00.000001960000,   6.98200,
,,,-00.000001920000,   6.98200,
,,,-00.000001880000,   6.98200,
,,,-00.000001840000,   6.98200,
,,,-00.000001800000,   6.98200,
,,,-00.000001760000,   6.98200,
,,,-00.000001720000,   6.98200,
,,,-00.000001680000,   6.98200,
,,,-00.000001640000,   6.98200,
,,,-00.000001600000,   6.98200,
,,,-00.000001560000,   6.98200,
,,,-00.000001520000,   6.98200,
,,,-00.000001480000,   6.98200,
,,,-00.000001440000,   6.98200,
,,,-00.000001400000,   6.98200,
,,,-00.000001360000,   6.98200,
,,,-00.000001320000,   6.98200,
,,,-00.000001280000,   6.98200,
,,,-00.000001240000,   6.98200,
,,,-00.000001200000,   6.98200,
,,,-00.000001160000,   6.98200,
,,,-00.000001120000,   6.98200,
,,,-00.000001080000,   6.98200,
,,,-00.000001040000,   6.98200,
,,,-00.000001000000,   6.98200,
,,,-00.000000960000,   6.98200,
,,,-00.000000920000,   6.98200,
,,,-00.000000880000,   6.98200,
,,,-00.000000840000,   6.98200,
,,,-00.000000800000,   6.98200,
,,,-00.000000760000,   6.98200,
,,,-00.000000720000,   6.98200,
,,,-00.000000680000,   6.98200,
,,,-00.000000640000,   6.98200,
,,,-00.000000600000,   6.98200,
,,,-00.000000560000,   6.98200,
,,,-00.000000520000,   6.98200,
,,,-00.000000480000,   6.98200,
,,,-00.000000440000,   6.98200,
,,,-00.000000400000,   6.98200,
,,,-00.000000360000,   6.98200,
,,,-00.000000320000,   6.98200,
,,,-00.000000280000,   6.98200,
,,,-00.000000240000,   6.98200,
,,,-00.000000200000,   6.98200,
,,,-00.000000160000,   6.98200,
,,,-00.000000120000,   6.98200,
,,,-00.000000080000,   6.98200,
,,,-00.000000040000,   6.98200,
,,,-00.000000000000,   6.98200,
,,,00.000000040000,   6.98200,
,,,00.000000080000,   6.98200,
,,,00.000000120000,   6.98200,
,,,00.000000160000,   6.98200,
,,,00.000000200000,   6.98200,
,,,00.000000240000,   6.98000,
,,,00.000000280000,   7.00400,
,,,00.000000320000,   7.00200,
,,,00.000000360000,   6.99200,
,,,00.000000400000,   6.99000,
,,,00.000000440000,   6.98800,
,,,00.000000480000,   6.98400,
,,,00.000000520000,   6.98400,
,,,00.000000560000,   6.98000,
,,,00.000000600000,   6.98200,
,,,00.000000640000,   6.98000,
,,,00.000000680000,   6.98000,
,,,00.000000720000,   6.98000,
,,,00.000000760000,   6.97800,
,,,00.000000800000,   6.97800,
,,,00.000000840000,   6.97800,
,,,00.000000880000,   6.98000,
,,,00.000000920000,   6.98000,
,,,00.000000960000,   6.98200,
,,,00.000001000000,   6.98200,
,,,00.000001040000,   6.98400,
,,,00.000001080000,   6.98400,
,,,00.000001120000,   6.98600,
,,,00.000001160000,   6.98800,
,,,00.000001200000,   6.99000,
,,,00.000001240000,   6.99000,
,,,00.000001280000,   6.99200,
,,,00.000001320000,   6.99400,
,,,00.000001360000,   6.99400,
,,,00.000001400000,   6.99600,
,,,00.000001440000,   6.99600,
,,,00.000001480000,   6.99600,
,,,00.000001520000,   6.99600,
,,,00.000001560000,   6.99800,
,,,00.000001600000,   6.99800,
,,,00.000001640000,   6.99800,
,,,00.000001680000,   6.99600,
,,,00.000001720000,   6.99800,
,,,00.000001760000,   6.99600,
,,,00.000001800000,   6.99600,
,,,00.000001840000,   6.99600,
,,,00.000001880000,   6.99600,
,,,00.000001920000,   6.99400,
,,,00.000001960000,   6.99400,
,,,00.000002000000,   6.99400,
,,,00.000002040000,   6.99400,
,,,00.000002080000,   6.99400,
,,,00.000002120000,   6.99200,
,,,00.000002160000,   6.99200,
,,,00.000002200000,   6.99200,
,,,00.000002240000,   6.99200,
,,,00.000002280000,   6.99200,
,,,00.000002320000,   6.99200,
,,,00.000002360000,   6.99200,
,,,00.000002400000,   6.99200,
,,,00.000002440000,   6.99200,
,,,00.000002480000,   6.99200,
,,,00.000002520000,   6.99200,
,,,00.000002560000,   6.99400,
,,,00.000002600000,   6.99400,
,,,00.000002640000,   6.99400,
,,,00.000002680000,   6.99400,
,,,00.000002720000,   6.99400,
,,,00.000002760000,   6.99400,
,,,00.000002800000,   6.99400,
,,,00.000002840000,   6.99400,
,,,00.000002880000,   6.99600,
,,,00.000002920000,   6.99600,
,,,00.000002960000,   6.99400,
,,,00.000003000000,   6.99400,
,,,00.000003040000,   6.99400,
,,,00.000003080000,   6.99200,
,,,00.000003120000,   6.99600,
,,,00.000003160000,   6.99600,
,,,00.000003200000,   6.99600,
,,,00.000003240000,   6.99400,
,,,00.000003280000,   6.99400,
,,,00.000003320000,   6.99400,
,,,00.000003360000,   6.99400,
,,,00.000003400000,   6.99400,
,,,00.000003440000,   6.99400,
,,,00.000003480000,   6.99400,
,,,00.000003520000,   6.99400,
,,,00.000003560000,   6.99600,
,,,00.000003600000,   6.99400,
,,,00.000003640000,   6.99400,
,,,00.000003680000,   6.99400,
,,,00.000003720000,   6.99400,
,,,00.000003760000,   6.99400,
,,,00.000003800000,   6.99400,
,,,00.000003840000,   6.99400,
,,,00.000003880000,   6.99400,
,,,00.000003920000,   6.99400,
,,,00.000003960000,   6.99400,
,,,00.000004000000,   6.99400,
,,,00.000004040000,   6.99400,
,,,00.000004080000,   6.99600,
,,,00.000004120000,   6.99400,
,,,00.000004160000,   6.99400,
,,,00.000004200000,   6.99400,
,,,00.000004240000,   6.99400,
,,,00.000004280000,   6.99400,
,,,00.000004320000,   6.99400,
,,,00.000004360000,   6.99400,
,,,00.000004400000,   6.99400,
,,,00.000004440000,   6.99400,
,,,00.000004480000,   6.99400,
,,,00.000004520000,   6.99400,
,,,00.000004560000,   6.99400,
,,,00.000004600000,   6.99400,
,,,00.000004640000,   6.99400,
,,,00.000004680000,   6.99400,
,,,00.000004720000,   6.99400,
,,,00.000004760000,   6.99400,
,,,00.000004800000,   6.99400,
,,,00.000004840000,   6.99400,
,,,00.000004880000,   6.99400,
,,,00.000004920000,   6.99400,
,,,00.000004960000,   6.99400,
,,,00.000005000000,   6.99400,
,,,00.000005040000,   6.99400,
,,,00.000005080000,   6.99400,
,,,00.000005120000,   6.99400,
,,,00.000005160000,   6.99400,
,,,00.000005200000,   6.99400,
,,,00.000005240000,   6.99400,
,,,00.000005280000,   6.99400,
,,,00.000005320000,   6.99400,
,,,00.000005360000,   6.99400,
,,,00.000005400000,   6.99400,
,,,00.000005440000,   6.99400,
,,,00.000005480000,   6.99400,
,,,00.000005520000,   6.99400,
,,,00.000005560000,   6.99400,
,,,00.000005600000,   6.99400,
,,,00.000005640000,   6.99400,
,,,00.000005680000,   6.99400,
,,,00.000005720000,   6.99400,
,,,00.000005760000,   6.99400,
,,,00.000005800000,   6.99400,
,,,00.000005840000,   6.99400,
,,,00.000005880000,   6.99400,
,,,00.000005920000,   6.99400,
,,,00.000005960000,   6.99400,
,,,00.000006000000,   6.99400,
,,,00.000006040000,   6.99400,
,,,00.000006080000,   6.99400,
,,,00.000006120000,   6.99400,
,,,00.000006160000,   6.99400,
,,,00.000006200000,   6.99200,
,,,00.000006240000,   6.99400,
,,,00.000006280000,   6.99400,
,,,00.000006320000,   6.99400,
,,,00.000006360000,   6.99400,
,,,00.000006400000,   6.99400,
,,,00.000006440000,   6.99400,
,,,00.000006480000,   6.99400,
,,,00.000006520000,   6.99400,
,,,00.000006560000,   6.99400,
,,,00.000006600000,   6.99400,
,,,00.000006640000,   6.99400,
,,,00.000006680000,   6.99400,
,,,00.000006720000,   6.99400,
,,,00.000006760000,   6.99400,
,,,00.000006800000,   6.99400,
,,,00.000006840000,   6.99400,
,,,00.000006880000,   6.99400,
,,,00.000006920000,   6.99400,
,,,00.000006960000,   6.99400,
,,,00.000007000000,   6.99400,
,,,00.000007040000,   6.99400,
,,,00.000007080000,   6.99400,
,,,00.000007120000,   6.99400,
,,,00.000007160000,   6.99400,
,,,00.000007200000,   6.99400,
,,,00.000007240000,   6.99400,
,,,00.000007280000,   6.99400,
,,,00.000007320000,   6.99400,
,,,00.000007360000,   6.99400,
,,,00.000007400000,   6.99400,
,,,00.000007440000,   6.99400,
,,,00.000007480000,   6.99400,
,,,00.000007520000,   6.99400,
,,,00.000007560000,   6.99400,
,,,00.000007600000,   6.99400,
,,,00.000007640000,   6.99400,
,,,00.000007680000,   6.99400,
,,,00.000007720000,   6.99400,
,,,00.000007760000,   6.99400,
,,,00.000007800000,   6.99400,
,,,00.000007840000,   6.99400,
,,,00.000007880000,   6.99400,
,,,00.000007920000,   6.99400,
,,,00.000007960000,   6.99400,
,,,00.000008000000,   6.99400,
,,,00.000008040000,   6.99400,
,,,00.000008080000,   6.99400,
,,,00.000008120000,   6.99400,
,,,00.000008160000,   6.99400,
,,,00.000008200000,   6.99400,
,,,00.000008240000,   6.99400,
,,,00.000008280000,   6.99600,
,,,00.000008320000,   6.99600,
,,,00.000008360000,   6.99400,
,,,00.000008400000,   6.99400,
,,,00.000008440000,   6.99400,
,,,00.000008480000,   6.99400,
,,,00.000008520000,   6.99600,
,,,00.000008560000,   6.99400,
,,,00.000008600000,   6.99400,
,,,00.000008640000,   6.99400,
,,,00.000008680000,   6.99400,
,,,00.000008720000,   6.99400,
,,,00.000008760000,   6.99400,
,,,00.000008800000,   6.99400,
,,,00.000008840000,   6.99400,
,,,00.000008880000,   6.99400,
,,,00.000008920000,   6.99400,
,,,00.000008960000,   6.99400,
,,,00.000009000000,   6.99400,
,,,00.000009040000,   6.99400,
,,,00.000009080000,   6.99400,
,,,00.000009120000,   6.99400,
,,,00.000009160000,   6.99400,
,,,00.000009200000,   6.99400,
,,,00.000009240000,   6.99600,
,,,00.000009280000,   6.99400,
,,,00.000009320000,   6.99400,
,,,00.000009360000,   6.99600,
,,,00.000009400000,   6.99600,
,,,00.000009440000,   6.99600,
,,,00.000009480000,   6.99600,
,,,00.000009520000,   6.99600,
,,,00.000009560000,   6.99600,
,,,00.000009600000,   6.99600,
,,,00.000009640000,   6.99600,
,,,00.000009680000,   6.99800,
,,,00.000009720000,   6.99600,
,,,00.000009760000,   6.99600,
,,,00.000009800000,   6.99600,
,,,00.000009840000,   6.99600,
,,,00.000009880000,   6.99600,
,,,00.000009920000,   6.99600,
,,,00.000009960000,   6.99600,
,,,00.000010000000,   6.99800,
,,,00.000010040000,   6.99800,
,,,00.000010080000,   6.99600,
,,,00.000010120000,   6.99800,
,,,00.000010160000,   6.99800,
,,,00.000010200000,   6.99800,
,,,00.000010240000,   6.99800,
,,,00.000010280000,   6.99800,
,,,00.000010320000,   6.99800,
,,,00.000010360000,   6.99800,
,,,00.000010400000,   6.99800,
,,,00.000010440000,   6.99800,
,,,00.000010480000,   6.99800,
,,,00.000010520000,   6.99800,
,,,00.000010560000,   6.99800,
,,,00.000010600000,   7.00000,
,,,00.000010640000,   7.00000,
,,,00.000010680000,   6.99800,
,,,00.000010720000,   7.00000,
,,,00.000010760000,   7.00000,
,,,00.000010800000,   7.00000,
,,,00.000010840000,   7.00000,
,,,00.000010880000,   7.00000,
,,,00.000010920000,   7.00000,
,,,00.000010960000,   7.00000,
,,,00.000011000000,   7.00000,
,,,00.000011040000,   7.00200,
,,,00.000011080000,   7.00000,
,,,00.000011120000,   7.00200,
,,,00.000011160000,   7.00200,
,,,00.000011200000,   7.00200,
,,,00.000011240000,   7.00200,
,,,00.000011280000,   7.00200,
,,,00.000011320000,   7.00400,
,,,00.000011360000,   7.00200,
,,,00.000011400000,   7.00200,
,,,00.000011440000,   7.00400,
,,,00.000011480000,   7.00400,
,,,00.000011520000,   7.00400,
,,,00.000011560000,   7.00400,
,,,00.000011600000,   7.00400,
,,,00.000011640000,   7.00400,
,,,00.000011680000,   7.00400,
,,,00.000011720000,   7.00600,
,,,00.000011760000,   7.00600,
,,,00.000011800000,   7.00600,
,,,00.000011840000,   7.00600,
,,,00.000011880000,   7.00400,
,,,00.000011920000,   7.00600,
,,,00.000011960000,   7.00600,
,,,00.000012000000,   7.00600,
,,,00.000012040000,   7.00600,
,,,00.000012080000,   7.00600,
,,,00.000012120000,   7.00800,
,,,00.000012160000,   7.00800,
,,,00.000012200000,   7.00800,
,,,00.000012240000,   7.00800,
,,,00.000012280000,   7.00800,
,,,00.000012320000,   7.00800,
,,,00.000012360000,   7.00800,
,,,00.000012400000,   7.01000,
,,,00.000012440000,   7.00800,
,,,00.000012480000,   7.01000,
,,,00.000012520000,   7.01000,
,,,00.000012560000,   7.01000,
,,,00.000012600000,   7.01000,
,,,00.000012640000,   7.01200,
,,,00.000012680000,   7.01200,
,,,00.000012720000,   7.01200,
,,,00.000012760000,   7.01200,
,,,00.000012800000,   7.01200,
,,,00.000012840000,   7.01200,
,,,00.000012880000,   7.01400,
,,,00.000012920000,   7.01200,
,,,00.000012960000,   7.01400,
,,,00.000013000000,   7.01400,
,,,00.000013040000,   7.01400,
,,,00.000013080000,   7.01600,
,,,00.000013120000,   7.01600,
,,,00.000013160000,   7.01600,
,,,00.000013200000,   7.01600,
,,,00.000013240000,   7.01600,
,,,00.000013280000,   7.01600,
,,,00.000013320000,   7.01800,
,,,00.000013360000,   7.01800,
,,,00.000013400000,   7.01800,
,,,00.000013440000,   7.01800,
,,,00.000013480000,   7.01800,
,,,00.000013520000,   7.02000,
,,,00.000013560000,   7.02000,
,,,00.000013600000,   7.02000,
,,,00.000013640000,   7.02000,
,,,00.000013680000,   7.02000,
,,,00.000013720000,   7.02000,
,,,00.000013760000,   7.02000,
,,,00.000013800000,   7.02200,
,,,00.000013840000,   7.02200,
,,,00.000013880000,   7.02200,
,,,00.000013920000,   7.02200,
,,,00.000013960000,   7.02200,
,,,00.000014000000,   7.02400,
,,,00.000014040000,   7.02400,
,,,00.000014080000,   7.02400,
,,,00.000014120000,   7.02400,
,,,00.000014160000,   7.02600,
,,,00.000014200000,   7.02600,
,,,00.000014240000,   7.02600,
,,,00.000014280000,   7.02800,
,,,00.000014320000,   7.02800,
,,,00.000014360000,   7.02800,
,,,00.000014400000,   7.02800,
,,,00.000014440000,   7.03000,
,,,00.000014480000,   7.03000,
,,,00.000014520000,   7.03000,
,,,00.000014560000,   7.03000,
,,,00.000014600000,   7.03000,
,,,00.000014640000,   7.03200,
,,,00.000014680000,   7.03200,
,,,00.000014720000,   7.03200,
,,,00.000014760000,   7.03200,
,,,00.000014800000,   7.03400,
,,,00.000014840000,   7.03400,
,,,00.000014880000,   7.03400,
,,,00.000014920000,   7.03400,
,,,00.000014960000,   7.03400,
,,,00.000015000000,   7.03600,
,,,00.000015040000,   7.03800,
,,,00.000015080000,   7.03800,
,,,00.000015120000,   7.03800,
,,,00.000015160000,   7.03800,
,,,00.000015200000,   7.03800,
,,,00.000015240000,   7.03800,
,,,00.000015280000,   7.04000,
,,,00.000015320000,   7.04000,
,,,00.000015360000,   7.04000,
,,,00.000015400000,   7.04200,
,,,00.000015440000,   7.04200,
,,,00.000015480000,   7.04200,
,,,00.000015520000,   7.04200,
,,,00.000015560000,   7.04400,
,,,00.000015600000,   7.04400,
,,,00.000015640000,   7.04400,
,,,00.000015680000,   7.04400,
,,,00.000015720000,   7.04400,
,,,00.000015760000,   7.04600,
,,,00.000015800000,   7.04600,
,,,00.000015840000,   7.04600,
,,,00.000015880000,   7.04800,
,,,00.000015920000,   7.04800,
,,,00.000015960000,   7.04800,
,,,00.000016000000,   7.04800,
,,,00.000016040000,   7.05000,
,,,00.000016080000,   7.05000,
,,,00.000016120000,   7.05000,
,,,00.000016160000,   7.05200,
,,,00.000016200000,   7.05200,
,,,00.000016240000,   7.05200,
,,,00.000016280000,   7.05200,
,,,00.000016320000,   7.05200,
,,,00.000016360000,   7.05400,
,,,00.000016400000,   7.05400,
,,,00.000016440000,   7.05400,
,,,00.000016480000,   7.05600,
,,,00.000016520000,   7.05600,
,,,00.000016560000,   7.05600,
,,,00.000016600000,   7.05800,
,,,00.000016640000,   7.05800,
,,,00.000016680000,   7.05800,
,,,00.000016720000,   7.05800,
,,,00.000016760000,   7.06000,
,,,00.000016800000,   7.06000,
,,,00.000016840000,   7.06000,
,,,00.000016880000,   7.06000,
,,,00.000016920000,   7.06200,
,,,00.000016960000,   7.06200,
,,,00.000017000000,   7.06200,
,,,00.000017040000,   7.06400,
,,,00.000017080000,   7.06400,
,,,00.000017120000,   7.06400,
,,,00.000017160000,   7.06400,
,,,00.000017200000,   7.06600,
,,,00.000017240000,   7.06600,
,,,00.000017280000,   7.06600,
,,,00.000017320000,   7.06600,
,,,00.000017360000,   7.06600,
,,,00.000017400000,   7.06800,
,,,00.000017440000,   7.06800,
,,,00.000017480000,   7.06800,
,,,00.000017520000,   7.07000,
,,,00.000017560000,   7.07000,
,,,00.000017600000,   7.07000,
,,,00.000017640000,   7.07000,
,,,00.000017680000,   7.07200,
,,,00.000017720000,   7.07200,
,,,00.000017760000,   7.07200,
,,,00.000017800000,   7.07200,
,,,00.000017840000,   7.07400,
,,,00.000017880000,   7.07400,
,,,00.000017920000,   7.07400,
,,,00.000017960000,   7.07400,
,,,00.000018000000,   7.07400,
,,,00.000018040000,   7.07600,
,,,00.000018080000,   7.07600,
,,,00.000018120000,   7.07600,
,,,00.000018160000,   7.07800,
,,,00.000018200000,   7.07800,
,,,00.000018240000,   7.07800,
,,,00.000018280000,   7.07800,
,,,00.000018320000,   7.07800,
,,,00.000018360000,   7.07800,
,,,00.000018400000,   7.08000,
,,,00.000018440000,   7.08000,
,,,00.000018480000,   7.08000,
,,,00.000018520000,   7.08000,
,,,00.000018560000,   7.08000,
,,,00.000018600000,   7.08200,
,,,00.000018640000,   7.08200,
,,,00.000018680000,   7.08200,
,,,00.000018720000,   7.08200,
,,,00.000018760000,   7.08200,
,,,00.000018800000,   7.08200,
,,,00.000018840000,   7.08400,
,,,00.000018880000,   7.08400,
,,,00.000018920000,   7.08400,
,,,00.000018960000,   7.08400,
,,,00.000019000000,   7.08400,
,,,00.000019040000,   7.08400,
,,,00.000019080000,   7.08400,
,,,00.000019120000,   7.08400,
,,,00.000019160000,   7.08600,
,,,00.000019200000,   7.08400,
,,,00.000019240000,   7.08600,
,,,00.000019280000,   7.08600,
,,,00.000019320000,   7.08600,
,,,00.000019360000,   7.08600,
,,,00.000019400000,   7.08600,
,,,00.000019440000,   7.08600,
,,,00.000019480000,   7.08600,
,,,00.000019520000,   7.08600,
,,,00.000019560000,   7.08800,
,,,00.000019600000,   7.08600,
,,,00.000019640000,   7.08800,
,,,00.000019680000,   7.08800,
,,,00.000019720000,   7.08800,
,,,00.000019760000,   7.08800,
,,,00.000019800000,   7.08800,
,,,00.000019840000,   7.08800,
,,,00.000019880000,   7.08800,
,,,00.000019920000,   7.08800,
,,,00.000019960000,   7.08800,
,,,00.000020000000,   7.08800,
,,,00.000020040000,   7.08800,
,,,00.000020080000,   7.08800,
,,,00.000020120000,   7.08800,
,,,00.000020160000,   7.08800,
,,,00.000020200000,   7.08800,
,,,00.000020240000,   7.08800,
,,,00.000020280000,   7.08600,
,,,00.000020320000,   7.08800,
,,,00.000020360000,   7.08800,
,,,00.000020400000,   7.08800,
,,,00.000020440000,   7.08800,
,,,00.000020480000,   7.08800,
,,,00.000020520000,   7.08800,
,,,00.000020560000,   7.08800,
,,,00.000020600000,   7.08600,
,,,00.000020640000,   7.08600,
,,,00.000020680000,   7.08600,
,,,00.000020720000,   7.08600,
,,,00.000020760000,   7.08600,
,,,00.000020800000,   7.08400,
,,,00.000020840000,   7.08600,
,,,00.000020880000,   7.08400,
,,,00.000020920000,   7.08400,
,,,00.000020960000,   7.08400,
,,,00.000021000000,   7.08400,
,,,00.000021040000,   7.08400,
,,,00.000021080000,   7.08400,
,,,00.000021120000,   7.08400,
,,,00.000021160000,   7.08200,
,,,00.000021200000,   7.08200,
,,,00.000021240000,   7.08200,
,,,00.000021280000,   7.08200,
,,,00.000021320000,   7.08200,
,,,00.000021360000,   7.08200,
,,,00.000021400000,   7.08000,
,,,00.000021440000,   7.08200,
,,,00.000021480000,   7.08000,
,,,00.000021520000,   7.08000,
,,,00.000021560000,   7.08000,
,,,00.000021600000,   7.08000,
,,,00.000021640000,   7.07800,
,,,00.000021680000,   7.07800,
,,,00.000021720000,   7.07800,
,,,00.000021760000,   7.07600,
,,,00.000021800000,   7.07600,
,,,00.000021840000,   7.07600,
,,,00.000021880000,   7.07600,
,,,00.000021920000,   7.07400,
,,,00.000021960000,   7.07400,
,,,00.000022000000,   7.07400,
,,,00.000022040000,   7.07400,
,,,00.000022080000,   7.07400,
,,,00.000022120000,   7.07200,
,,,00.000022160000,   7.07200,
,,,00.000022200000,   7.07200,
,,,00.000022240000,   7.07000,
,,,00.000022280000,   7.07000,
,,,00.000022320000,   7.07000,
,,,00.000022360000,   7.06800,
,,,00.000022400000,   7.06800,
,,,00.000022440000,   7.06800,
,,,00.000022480000,   7.06600,
,,,00.000022520000,   7.06600,
,,,00.000022560000,   7.06400,
,,,00.000022600000,   7.06400,
,,,00.000022640000,   7.06400,
,,,00.000022680000,   7.06200,
,,,00.000022720000,   7.06200,
,,,00.000022760000,   7.06200,
,,,00.000022800000,   7.06200,
,,,00.000022840000,   7.06000,
,,,00.000022880000,   7.06000,
,,,00.000022920000,   7.06000,
,,,00.000022960000,   7.05800,
,,,00.000023000000,   7.05800,
,,,00.000023040000,   7.05600,
,,,00.000023080000,   7.05600,
,,,00.000023120000,   7.05400,
,,,00.000023160000,   7.05400,
,,,00.000023200000,   7.05400,
,,,00.000023240000,   7.05200,
,,,00.000023280000,   7.05200,
,,,00.000023320000,   7.05200,
,,,00.000023360000,   7.05000,
,,,00.000023400000,   7.05000,
,,,00.000023440000,   7.04800,
,,,00.000023480000,   7.04800,
,,,00.000023520000,   7.04800,
,,,00.000023560000,   7.04600,
,,,00.000023600000,   7.04600,
,,,00.000023640000,   7.04600,
,,,00.000023680000,   7.04400,
,,,00.000023720000,   7.04400,
,,,00.000023760000,   7.04200,
,,,00.000023800000,   7.04200,
,,,00.000023840000,   7.04000,
,,,00.000023880000,   7.04000,
,,,00.000023920000,   7.04000,
,,,00.000023960000,   7.03800,
,,,00.000024000000,   7.03800,
,,,00.000024040000,   7.03800,
,,,00.000024080000,   7.03600,
,,,00.000024120000,   7.03600,
,,,00.000024160000,   7.03400,
,,,00.000024200000,   7.03400,
,,,00.000024240000,   7.03400,
,,,00.000024280000,   7.03200,
,,,00.000024320000,   7.03200,
,,,00.000024360000,   7.03200,
,,,00.000024400000,   7.03000,
,,,00.000024440000,   7.03000,
,,,00.000024480000,   7.02800,
,,,00.000024520000,   7.02800,
,,,00.000024560000,   7.02800,
,,,00.000024600000,   7.02600,
,,,00.000024640000,   7.02600,
,,,00.000024680000,   7.02400,
,,,00.000024720000,   7.02400,
,,,00.000024760000,   7.02400,
,,,00.000024800000,   7.02200,
,,,00.000024840000,   7.02200,
,,,00.000024880000,   7.02200,
,,,00.000024920000,   7.02000,
,,,00.000024960000,   7.02000,
,,,00.000025000000,   7.01800,
,,,00.000025040000,   7.01800,
,,,00.000025080000,   7.01800,
,,,00.000025120000,   7.01600,
,,,00.000025160000,   7.01600,
,,,00.000025200000,   7.01600,
,,,00.000025240000,   7.01600,
,,,00.000025280000,   7.01400,
,,,00.000025320000,   7.01400,
,,,00.000025360000,   7.01200,
,,,00.000025400000,   7.01200,
,,,00.000025440000,   7.01200,
,,,00.000025480000,   7.01000,
,,,00.000025520000,   7.01000,
,,,00.000025560000,   7.01000,
,,,00.000025600000,   7.01000,
,,,00.000025640000,   7.00800,
,,,00.000025680000,   7.00800,
,,,00.000025720000,   7.00600,
,,,00.000025760000,   7.00600,
,,,00.000025800000,   7.00600,
,,,00.000025840000,   7.00600,
,,,00.000025880000,   7.00400,
,,,00.000025920000,   7.00400,
,,,00.000025960000,   7.00400,
,,,00.000026000000,   7.00400,
,,,00.000026040000,   7.00200,
,,,00.000026080000,   7.00200,
,,,00.000026120000,   7.00200,
,,,00.000026160000,   7.00200,
,,,00.000026200000,   7.00000,
,,,00.000026240000,   7.00000,
,,,00.000026280000,   7.00000,
,,,00.000026320000,   7.00000,
,,,00.000026360000,   6.99800,
,,,00.000026400000,   6.99800,
,,,00.000026440000,   6.99800,
,,,00.000026480000,   6.99800,
,,,00.000026520000,   6.99600,
,,,00.000026560000,   6.99600,
,,,00.000026600000,   6.99600,
,,,00.000026640000,   6.99600,
,,,00.000026680000,   6.99600,
,,,00.000026720000,   6.99400,
,,,00.000026760000,   6.99400,
,,,00.000026800000,   6.99400,
,,,00.000026840000,   6.99200,
,,,00.000026880000,   6.99400,
,,,00.000026920000,   6.99400,
,,,00.000026960000,   6.99200,
,,,00.000027000000,   6.99200,
,,,00.000027040000,   6.99200,
,,,00.000027080000,   6.99200,
,,,00.000027120000,   6.99000,
,,,00.000027160000,   6.99000,
,,,00.000027200000,   6.99000,
,,,00.000027240000,   6.99000,
,,,00.000027280000,   6.99000,
,,,00.000027320000,   6.99000,
,,,00.000027360000,   6.99000,
,,,00.000027400000,   6.99000,
,,,00.000027440000,   6.99000,
,,,00.000027480000,   6.99000,
,,,00.000027520000,   6.98800,
,,,00.000027560000,   6.98800,
,,,00.000027600000,   6.98800,
,,,00.000027640000,   6.98800,
,,,00.000027680000,   6.98800,
,,,00.000027720000,   6.98800,
,,,00.000027760000,   6.98800,
,,,00.000027800000,   6.98800,
,,,00.000027840000,   6.98600,
,,,00.000027880000,   6.98600,
,,,00.000027920000,   6.98600,
,,,00.000027960000,   6.98600,
,,,00.000028000000,   6.98600,
,,,00.000028040000,   6.98600,
,,,00.000028080000,   6.98400,
,,,00.000028120000,   6.98400,
,,,00.000028160000,   6.98400,
,,,00.000028200000,   6.98400,
,,,00.000028240000,   6.98400,
,,,00.000028280000,   6.98400,
,,,00.000028320000,   6.98400,
,,,00.000028360000,   6.98400,
,,,00.000028400000,   6.98400,
,,,00.000028440000,   6.98400,
,,,00.000028480000,   6.98200,
,,,00.000028520000,   6.98400,
,,,00.000028560000,   6.98200,
,,,00.000028600000,   6.98200,
,,,00.000028640000,   6.98200,
,,,00.000028680000,   6.98200,
,,,00.000028720000,   6.98200,
,,,00.000028760000,   6.98200,
,,,00.000028800000,   6.98200,
,,,00.000028840000,   6.98200,
,,,00.000028880000,   6.98200,
,,,00.000028920000,   6.98200,
,,,00.000028960000,   6.98200,
,,,00.000029000000,   6.98200,
,,,00.000029040000,   6.98200,
,,,00.000029080000,   6.98000,
,,,00.000029120000,   6.98200,
,,,00.000029160000,   6.98200,
,,,00.000029200000,   6.98000,
,,,00.000029240000,   6.98200,
,,,00.000029280000,   6.98000,
,,,00.000029320000,   6.98000,
,,,00.000029360000,   6.98000,
,,,00.000029400000,   6.98000,
,,,00.000029440000,   6.98000,
,,,00.000029480000,   6.98000,
,,,00.000029520000,   6.98000,
,,,00.000029560000,   6.98000,
,,,00.000029600000,   6.98000,
,,,00.000029640000,   6.98000,
,,,00.000029680000,   6.98000,
,,,00.000029720000,   6.98000,
,,,00.000029760000,   6.98000,
,,,00.000029800000,   6.98000,
,,,00.000029840000,   6.98000,
,,,00.000029880000,   6.98000,
,,,00.000029920000,   6.98000,
,,,00.000029960000,   6.98000,
,,,00.000030000000,   6.98000,
,,,00.000030040000,   6.98000,
,,,00.000030080000,   6.98000,
,,,00.000030120000,   6.98000,
,,,00.000030160000,   6.98000,
,,,00.000030200000,   6.98000,
,,,00.000030240000,   6.98000,
,,,00.000030280000,   6.98000,
,,,00.000030320000,   6.98000,
,,,00.000030360000,   6.98000,
,,,00.000030400000,   6.98000,
,,,00.000030440000,   6.98000,
,,,00.000030480000,   6.97800,
,,,00.000030520000,   6.98000,
,,,00.000030560000,   6.98000,
,,,00.000030600000,   6.98000,
,,,00.000030640000,   6.98000,
,,,00.000030680000,   6.98000,
,,,00.000030720000,   6.98000,
,,,00.000030760000,   6.98000,
,,,00.000030800000,   6.98000,
,,,00.000030840000,   6.98000,
,,,00.000030880000,   6.98000,
,,,00.000030920000,   6.98000,
,,,00.000030960000,   6.97800,
,,,00.000031000000,   6.98000,
,,,00.000031040000,   6.97800,
,,,00.000031080000,   6.97800,
,,,00.000031120000,   6.97800,
,,,00.000031160000,   6.97800,
,,,00.000031200000,   6.97800,
,,,00.000031240000,   6.97800,
,,,00.000031280000,   6.97800,
,,,00.000031320000,   6.98000,
,,,00.000031360000,   6.97800,
,,,00.000031400000,   6.98000,
,,,00.000031440000,   6.97800,
,,,00.000031480000,   6.97800,
,,,00.000031520000,   6.97800,
,,,00.000031560000,   6.97800,
,,,00.000031600000,   6.97800,
,,,00.000031640000,   6.97800,
,,,00.000031680000,   6.97800,
,,,00.000031720000,   6.97800,
,,,00.000031760000,   6.97800,
,,,00.000031800000,   6.97800,
,,,00.000031840000,   6.97800,
,,,00.000031880000,   6.97800,
,,,00.000031920000,   6.97800,
,,,00.000031960000,   6.97800,
,,,00.000032000000,   6.97800,
,,,00.000032040000,   6.97800,
,,,00.000032080000,   6.98000,
,,,00.000032120000,   6.97800,
,,,00.000032160000,   6.97800,
,,,00.000032200000,   6.97800,
,,,00.000032240000,   6.98000,
,,,00.000032280000,   6.97800,
,,,00.000032320000,   6.97800,
,,,00.000032360000,   6.97800,
,,,00.000032400000,   6.97800,
,,,00.000032440000,   6.97800,
,,,00.000032480000,   6.97800,
,,,00.000032520000,   6.97800,
,,,00.000032560000,   6.97800,
,,,00.000032600000,   6.97800,
,,,00.000032640000,   6.97800,
,,,00.000032680000,   6.97800,
,,,00.000032720000,   6.97800,
,,,00.000032760000,   6.97800,
,,,00.000032800000,   6.97800,
,,,00.000032840000,   6.97800,
,,,00.000032880000,   6.97800,
,,,00.000032920000,   6.97800,
,,,00.000032960000,   6.97800,
,,,00.000033000000,   6.97800,
,,,00.000033040000,   6.97800,
,,,00.000033080000,   6.97800,
,,,00.000033120000,   6.97800,
,,,00.000033160000,   6.97800,
,,,00.000033200000,   6.97800,
,,,00.000033240000,   6.97800,
,,,00.000033280000,   6.97800,
,,,00.000033320000,   6.97800,
,,,00.000033360000,   6.98000,
,,,00.000033400000,   6.98000,
,,,00.000033440000,   6.97800,
,,,00.000033480000,   6.97800,
,,,00.000033520000,   6.97800,
,,,00.000033560000,   6.98000,
,,,00.000033600000,   6.97800,
,,,00.000033640000,   6.97800,
,,,00.000033680000,   6.97800,
,,,00.000033720000,   6.97800,
,,,00.000033760000,   6.98000,
,,,00.000033800000,   6.97800,
,,,00.000033840000,   6.97800,
,,,00.000033880000,   6.97800,
,,,00.000033920000,   6.97800,
,,,00.000033960000,   6.98000,
,,,00.000034000000,   6.97800,
,,,00.000034040000,   6.97800,
,,,00.000034080000,   6.97800,
,,,00.000034120000,   6.97800,
,,,00.000034160000,   6.97800,
,,,00.000034200000,   6.97800,
,,,00.000034240000,   6.97800,
,,,00.000034280000,   6.97800,
,,,00.000034320000,   6.97800,
,,,00.000034360000,   6.97800,
,,,00.000034400000,   6.97800,
,,,00.000034440000,   6.97800,
,,,00.000034480000,   6.98000,
,,,00.000034520000,   6.98000,
,,,00.000034560000,   6.97800,
,,,00.000034600000,   6.97800,
,,,00.000034640000,   6.97800,
,,,00.000034680000,   6.98000,
,,,00.000034720000,   6.97800,
,,,00.000034760000,   6.98000,
,,,00.000034800000,   6.97800,
,,,00.000034840000,   6.97800,
,,,00.000034880000,   6.98000,
,,,00.000034920000,   6.98000,
,,,00.000034960000,   6.97800,
,,,00.000035000000,   6.98000,
,,,00.000035040000,   6.97800,
,,,00.000035080000,   6.97800,
,,,00.000035120000,   6.97800,
,,,00.000035160000,   6.97800,
,,,00.000035200000,   6.97800,
,,,00.000035240000,   6.97800,
,,,00.000035280000,   6.97800,
,,,00.000035320000,   6.97800,
,,,00.000035360000,   6.97800,
,,,00.000035400000,   6.97800,
,,,00.000035440000,   6.97800,
,,,00.000035480000,   6.97800,
,,,00.000035520000,   6.97800,
,,,00.000035560000,   6.97800,
,,,00.000035600000,   6.97800,
,,,00.000035640000,   6.97800,
,,,00.000035680000,   6.97800,
,,,00.000035720000,   6.97800,
,,,00.000035760000,   6.97800,
,,,00.000035800000,   6.97800,
,,,00.000035840000,   6.97800,
,,,00.000035880000,   6.97800,
,,,00.000035920000,   6.97800,
,,,00.000035960000,   6.97800,
,,,00.000036000000,   6.97800,
,,,00.000036040000,   6.97800,
,,,00.000036080000,   6.97800,
,,,00.000036120000,   6.97800,
,,,00.000036160000,   6.98000,
,,,00.000036200000,   6.98000,
,,,00.000036240000,   6.98000,
,,,00.000036280000,   6.97800,
,,,00.000036320000,   6.97800,
,,,00.000036360000,   6.97800,
,,,00.000036400000,   6.98000,
,,,00.000036440000,   6.97800,
,,,00.000036480000,   6.97800,
,,,00.000036520000,   6.97800,
,,,00.000036560000,   6.97800,
,,,00.000036600000,   6.97800,
,,,00.000036640000,   6.97800,
,,,00.000036680000,   6.97800,
,,,00.000036720000,   6.98000,
,,,00.000036760000,   6.98000,
,,,00.000036800000,   6.97800,
,,,00.000036840000,   6.98000,
,,,00.000036880000,   6.97800,
,,,00.000036920000,   6.97800,
,,,00.000036960000,   6.97800,
,,,00.000037000000,   6.97800,
,,,00.000037040000,   6.97800,
,,,00.000037080000,   6.97800,
,,,00.000037120000,   6.97800,
,,,00.000037160000,   6.97800,
,,,00.000037200000,   6.98000,
,,,00.000037240000,   6.97800,
,,,00.000037280000,   6.97800,
,,,00.000037320000,   6.98000,
,,,00.000037360000,   6.98000,
,,,00.000037400000,   6.98000,
,,,00.000037440000,   6.98000,
,,,00.000037480000,   6.98000,
,,,00.000037520000,   6.98000,
,,,00.000037560000,   6.98000,
,,,00.000037600000,   6.97800,
,,,00.000037640000,   6.98000,
,,,00.000037680000,   6.98000,
,,,00.000037720000,   6.98000,
,,,00.000037760000,   6.97800,
,,,00.000037800000,   6.98000,
,,,00.000037840000,   6.98000,
,,,00.000037880000,   6.98000,
,,,00.000037920000,   6.98000,
,,,00.000037960000,   6.98000,
,,,00.000038000000,   6.98000,
,,,00.000038040000,   6.98000,
,,,00.000038080000,   6.97800,
,,,00.000038120000,   6.98000,
,,,00.000038160000,   6.98000,
,,,00.000038200000,   6.98000,
,,,00.000038240000,   6.98000,
,,,00.000038280000,   6.97800,
,,,00.000038320000,   6.98000,
,,,00.000038360000,   6.98000,
,,,00.000038400000,   6.97800,
,,,00.000038440000,   6.98000,
,,,00.000038480000,   6.97800,
,,,00.000038520000,   6.97800,
,,,00.000038560000,   6.97800,
,,,00.000038600000,   6.97800,
,,,00.000038640000,   6.97800,
,,,00.000038680000,   6.97800,
,,,00.000038720000,   6.97600,
,,,00.000038760000,   6.98000,
,,,00.000038800000,   6.98000,
,,,00.000038840000,   6.97800,
,,,00.000038880000,   6.97800,
,,,00.000038920000,   6.97800,
,,,00.000038960000,   6.97800,
,,,00.000039000000,   6.97800,
,,,00.000039040000,   6.97800,
,,,00.000039080000,   6.97800,
,,,00.000039120000,   6.97800,
,,,00.000039160000,   6.97800,
,,,00.000039200000,   6.97800,
,,,00.000039240000,   6.97800,
,,,00.000039280000,   6.97800,
,,,00.000039320000,   6.97800,
,,,00.000039360000,   6.97800,
,,,00.000039400000,   6.98000,
,,,00.000039440000,   6.97800,
,,,00.000039480000,   6.98000,
,,,00.000039520000,   6.97800,
,,,00.000039560000,   6.97800,
,,,00.000039600000,   6.98000,
,,,00.000039640000,   6.97800,
,,,00.000039680000,   6.97800,
,,,00.000039720000,   6.97800,
,,,00.000039760000,   6.97800,
,,,00.000039800000,   6.97800,
,,,00.000039840000,   6.97800,
,,,00.000039880000,   6.97800,
,,,00.000039920000,   6.97800,
,,,00.000039960000,   6.97800,
,,,00.000040000000,   6.97800,
,,,00.000040040000,   6.97800,
,,,00.000040080000,   6.97800,
,,,00.000040120000,   6.97800,
,,,00.000040160000,   6.97800,
,,,00.000040200000,   6.97800,
,,,00.000040240000,   6.98000,
,,,00.000040280000,   6.97800,
,,,00.000040320000,   6.97800,
,,,00.000040360000,   6.97800,
,,,00.000040400000,   6.97800,
,,,00.000040440000,   6.97800,
,,,00.000040480000,   6.97800,
,,,00.000040520000,   6.97800,
,,,00.000040560000,   6.98000,
,,,00.000040600000,   6.97800,
,,,00.000040640000,   6.97800,
,,,00.000040680000,   6.97800,
,,,00.000040720000,   6.98000,
,,,00.000040760000,   6.98000,
,,,00.000040800000,   6.97800,
,,,00.000040840000,   6.97800,
,,,00.000040880000,   6.97800,
,,,00.000040920000,   6.97800,
,,,00.000040960000,   6.97800,
,,,00.000041000000,   6.97800,
,,,00.000041040000,   6.98000,
,,,00.000041080000,   6.98000,
,,,00.000041120000,   6.98000,
,,,00.000041160000,   6.98000,
,,,00.000041200000,   6.97800,
,,,00.000041240000,   6.98000,
,,,00.000041280000,   6.97800,
,,,00.000041320000,   6.97800,
,,,00.000041360000,   6.98000,
,,,00.000041400000,   6.97800,
,,,00.000041440000,   6.98000,
,,,00.000041480000,   6.97800,
,,,00.000041520000,   6.97800,
,,,00.000041560000,   6.97800,
,,,00.000041600000,   6.97800,
,,,00.000041640000,   6.97800,
,,,00.000041680000,   6.98000,
,,,00.000041720000,   6.98000,
,,,00.000041760000,   6.98000,
,,,00.000041800000,   6.98000,
,,,00.000041840000,   6.98000,
,,,00.000041880000,   6.98000,
,,,00.000041920000,   6.98000,
,,,00.000041960000,   6.97800,
,,,00.000042000000,   6.98000,
,,,00.000042040000,   6.98000,
,,,00.000042080000,   6.98000,
,,,00.000042120000,   6.97800,
,,,00.000042160000,   6.98000,
,,,00.000042200000,   6.98000,
,,,00.000042240000,   6.98000,
,,,00.000042280000,   6.97800,
,,,00.000042320000,   6.98000,
,,,00.000042360000,   6.98000,
,,,00.000042400000,   6.98000,
,,,00.000042440000,   6.98000,
,,,00.000042480000,   6.98000,
,,,00.000042520000,   6.98000,
,,,00.000042560000,   6.98000,
,,,00.000042600000,   6.98000,
,,,00.000042640000,   6.98000,
,,,00.000042680000,   6.98000,
,,,00.000042720000,   6.98000,
,,,00.000042760000,   6.98000,
,,,00.000042800000,   6.98000,
,,,00.000042840000,   6.98000,
,,,00.000042880000,   6.98000,
,,,00.000042920000,   6.98000,
,,,00.000042960000,   6.98000,
,,,00.000043000000,   6.98000,
,,,00.000043040000,   6.97800,
,,,00.000043080000,   6.98000,
,,,00.000043120000,   6.98000,
,,,00.000043160000,   6.98000,
,,,00.000043200000,   6.98000,
,,,00.000043240000,   6.98000,
,,,00.000043280000,   6.98000,
,,,00.000043320000,   6.98000,
,,,00.000043360000,   6.98000,
,,,00.000043400000,   6.98000,
,,,00.000043440000,   6.98000,
,,,00.000043480000,   6.98000,
,,,00.000043520000,   6.98000,
,,,00.000043560000,   6.98000,
,,,00.000043600000,   6.98000,
,,,00.000043640000,   6.98000,
,,,00.000043680000,   6.98000,
,,,00.000043720000,   6.98000,
,,,00.000043760000,   6.98000,
,,,00.000043800000,   6.98000,
,,,00.000043840000,   6.98000,
,,,00.000043880000,   6.98000,
,,,00.000043920000,   6.98000,
,,,00.000043960000,   6.98000,
,,,00.000044000000,   6.98000,
,,,00.000044040000,   6.98000,
,,,00.000044080000,   6.98000,
,,,00.000044120000,   6.98000,
,,,00.000044160000,   6.98000,
,,,00.000044200000,   6.98000,
,,,00.000044240000,   6.98000,
,,,00.000044280000,   6.98000,
,,,00.000044320000,   6.98000,
,,,00.000044360000,   6.98000,
,,,00.000044400000,   6.98000,
,,,00.000044440000,   6.98000,
,,,00.000044480000,   6.98000,
,,,00.000044520000,   6.98000,
,,,00.000044560000,   6.97800,
,,,00.000044600000,   6.98000,
,,,00.000044640000,   6.98000,
,,,00.000044680000,   6.98000,
,,,00.000044720000,   6.97800,
,,,00.000044760000,   6.97800,
,,,00.000044800000,   6.97800,
,,,00.000044840000,   6.98000,
,,,00.000044880000,   6.98000,
,,,00.000044920000,   6.98000,
,,,00.000044960000,   6.98000,
,,,00.000045000000,   6.98000,
,,,00.000045040000,   6.98000,
,,,00.000045080000,   6.98000,
,,,00.000045120000,   6.98000,
,,,00.000045160000,   6.98000,
,,,00.000045200000,   6.98000,
,,,00.000045240000,   6.98000,
,,,00.000045280000,   6.98000,
,,,00.000045320000,   6.98000,
,,,00.000045360000,   6.98000,
,,,00.000045400000,   6.98000,
,,,00.000045440000,   6.98000,
,,,00.000045480000,   6.98000,
,,,00.000045520000,   6.98000,
,,,00.000045560000,   6.98000,
,,,00.000045600000,   6.98000,
,,,00.000045640000,   6.98000,
,,,00.000045680000,   6.98000,
,,,00.000045720000,   6.98000,
,,,00.000045760000,   6.98000,
,,,00.000045800000,   6.98000,
,,,00.000045840000,   6.98000,
,,,00.000045880000,   6.98000,
,,,00.000045920000,   6.98000,
,,,00.000045960000,   6.98000,
,,,00.000046000000,   6.97800,
,,,00.000046040000,   6.98000,
,,,00.000046080000,   6.98000,
,,,00.000046120000,   6.98000,
,,,00.000046160000,   6.98000,
,,,00.000046200000,   6.98000,
,,,00.000046240000,   6.98000,
,,,00.000046280000,   6.98000,
,,,00.000046320000,   6.98000,
,,,00.000046360000,   6.98000,
,,,00.000046400000,   6.98000,
,,,00.000046440000,   6.98000,
,,,00.000046480000,   6.98000,
,,,00.000046520000,   6.98000,
,,,00.000046560000,   6.98000,
,,,00.000046600000,   6.98000,
,,,00.000046640000,   6.98000,
,,,00.000046680000,   6.98000,
,,,00.000046720000,   6.98000,
,,,00.000046760000,   6.98200,
,,,00.000046800000,   6.98000,
,,,00.000046840000,   6.98000,
,,,00.000046880000,   6.98200,
,,,00.000046920000,   6.98000,
,,,00.000046960000,   6.98000,
,,,00.000047000000,   6.98000,
,,,00.000047040000,   6.98000,
,,,00.000047080000,   6.98000,
,,,00.000047120000,   6.98000,
,,,00.000047160000,   6.98000,
,,,00.000047200000,   6.98000,
,,,00.000047240000,   6.98000,
,,,00.000047280000,   6.98000,
,,,00.000047320000,   6.98000,
,,,00.000047360000,   6.98000,
,,,00.000047400000,   6.98000,
,,,00.000047440000,   6.98000,
,,,00.000047480000,   6.98000,
,,,00.000047520000,   6.98200,
,,,00.000047560000,   6.98000,
,,,00.000047600000,   6.98000,
,,,00.000047640000,   6.98000,
,,,00.000047680000,   6.98000,
,,,00.000047720000,   6.98000,
,,,00.000047760000,   6.98000,
,,,00.000047800000,   6.98000,
,,,00.000047840000,   6.98000,
,,,00.000047880000,   6.98000,
,,,00.000047920000,   6.98000,
,,,00.000047960000,   6.98000,
,,,00.000048000000,   6.98000,
,,,00.000048040000,   6.98000,
,,,00.000048080000,   6.98000,
,,,00.000048120000,   6.98000,
,,,00.000048160000,   6.98000,
,,,00.000048200000,   6.98000,
,,,00.000048240000,   6.98000,
,,,00.000048280000,   6.98000,
,,,00.000048320000,   6.98000,
,,,00.000048360000,   6.98000,
,,,00.000048400000,   6.98000,
,,,00.000048440000,   6.98000,
,,,00.000048480000,   6.98000,
,,,00.000048520000,   6.98000,
,,,00.000048560000,   6.98000,
,,,00.000048600000,   6.98000,
,,,00.000048640000,   6.98000,
,,,00.000048680000,   6.98000,
,,,00.000048720000,   6.98000,
,,,00.000048760000,   6.98000,
,,,00.000048800000,   6.98000,
,,,00.000048840000,   6.98000,
,,,00.000048880000,   6.98000,
,,,00.000048920000,   6.98000,
,,,00.000048960000,   6.98000,
,,,00.000049000000,   6.98000,
,,,00.000049040000,   6.98000,
,,,00.000049080000,   6.98000,
,,,00.000049120000,   6.98000,
,,,00.000049160000,   6.98000,
,,,00.000049200000,   6.98000,
,,,00.000049240000,   6.98000,
,,,00.000049280000,   6.98000,
,,,00.000049320000,   6.98000,
,,,00.000049360000,   6.98000,
,,,00.000049400000,   6.98000,
,,,00.000049440000,   6.98000,
,,,00.000049480000,   6.98000,
,,,00.000049520000,   6.98000,
,,,00.000049560000,   6.98000,
,,,00.000049600000,   6.98000,
,,,00.000049640000,   6.98000,
,,,00.000049680000,   6.98000,
,,,00.000049720000,   6.98000,
,,,00.000049760000,   6.98000,
,,,00.000049800000,   6.98000,
,,,00.000049840000,   6.98000,
,,,00.000049880000,   6.98000,
,,,00.000049920000,   6.98000,
,,,00.000049960000,   6.98000,
